Period,Date,Ticker,Actual,XGBoost,XGBoost + FinBERT,Markowitz (implied)
1,2019-01-31,EXH8.DE,0.0565047629583681,-0.0183073300868272,-0.0171937271952629,0.0006933105770604821
2,2019-02-28,EXH8.DE,0.0328004920859963,0.0034254831261932,0.0021817530505359,0.0021134173453894022
3,2019-03-29,EXH8.DE,0.0199763512353084,-0.0018199452897533,-0.0023028736468404,0.002373770840543848
4,2019-04-30,EXH8.DE,-0.0880527629686024,0.0017770384438335,-0.0003688551369123,0.0031134715629835457
5,2019-05-31,EXH8.DE,0.0426726705545386,0.0042636059224605,0.0057352702133357,0.0043025051783646875
6,2019-06-28,EXH8.DE,0.0184148446669647,0.0016204843996092,0.001323580276221,0.002494918543853691
7,2019-07-31,EXH8.DE,-0.005627400568897,0.0002149718347936,4.864633956458419e-05,0.0020918826599470985
8,2019-08-30,EXH8.DE,0.0402759545037615,-0.0017350555863231,-0.002259095897898,0.0027809048414162182
9,2019-09-30,EXH8.DE,0.0357921364403487,0.002931757364422,0.0017872131429612,0.003545772556290171
10,2019-10-31,EXH8.DE,0.026977021515021,0.0087496386840939,0.0089868456125259,0.0037164495342617812
11,2019-11-29,EXH8.DE,0.0688524469255076,0.0043337382376194,0.0029094112105667,0.004339254678550576
12,2019-12-31,EXH8.DE,-0.0222085058803267,0.0019462377531453,0.001947910292074,0.006659383999206021
13,2020-01-31,EXH8.DE,-0.0891165580846532,0.0063382629305124,0.0065492843277752,0.00607580403507514
14,2020-02-28,EXH8.DE,-0.1125386324661591,0.0104400096461176,0.0137153416872024,0.003046722246825537
15,2020-03-31,EXH8.DE,0.0655983205841142,-0.0452423989772796,-0.0315680056810379,-0.0007618522541753424
16,2020-04-30,EXH8.DE,0.0574703611158914,0.0277233887463808,0.0252947080880403,0.00031674815342255493
17,2020-05-29,EXH8.DE,0.0068407726959581,-0.0055698999203741,-0.0077610425651073,0.0034755006732991715
18,2020-06-30,EXH8.DE,0.0273132974257716,0.0070846425369381,0.0053471918217837,0.004009471082589965
19,2020-07-31,EXH8.DE,0.0472980104211078,0.0050449133850634,0.0044807600788772,0.00460268687675505
20,2020-08-31,EXH8.DE,0.0274268691517189,0.0017919501988217,0.0007772337412461,0.00565295137056575
21,2020-09-30,EXH8.DE,-0.0459348836780813,-0.0012832855572924,-0.0043967706151306,0.006461079831513684
22,2020-10-30,EXH8.DE,0.137979905479416,-0.0102322986349463,-0.0174245294183492,0.005419511597894519
23,2020-11-30,EXH8.DE,0.0141177923343444,0.010689802467823,0.0076987938955426,0.008470038686859213
24,2020-12-31,EXH8.DE,-0.0048848463894078,-0.0038569786120206,-0.0047428677789866,0.008189776949270255
25,2021-01-29,EXH8.DE,0.0418462258661254,0.0040463996119797,0.0053430944681167,0.008916310422087454
26,2021-02-26,EXH8.DE,0.0514686965698269,-0.0001503035455243,-0.000953602429945,0.011040641290427158
27,2021-03-31,EXH8.DE,0.0628401762496634,0.0045153717510402,0.0031897721346467,0.00991411732337683
28,2021-04-30,EXH8.DE,0.0628703376113964,0.0016077957116067,0.0010233249049633,0.009979145584486832
29,2021-05-31,EXH8.DE,-0.0004339339418032,-0.0079080397263169,-0.0069936821237206,0.011580024330738176
30,2021-06-30,EXH8.DE,-0.0056359995409524,0.0160439405590295,0.0149017889052629,0.010791730348592118
31,2021-07-30,EXH8.DE,-0.0218206300236655,0.0065413806587457,0.0051636528223752,0.01106244253823437
32,2021-08-31,EXH8.DE,-0.0234924311455203,0.0085367076098918,0.0068564699031412,0.011604935022619488
33,2021-09-30,EXH8.DE,0.0183579891595754,0.0085206227377057,0.0078095160424709,0.012666836578634101
34,2021-10-29,EXH8.DE,0.0026744071828872,0.0003911326639354,0.0004991777823306,0.012252716705051719
35,2021-11-30,EXH8.DE,0.0239529621022163,0.0063472036272287,0.0066361227072775,0.014804491408955284
36,2021-12-31,EXH8.DE,-0.0479226701008521,0.0030265101231634,0.0022187929134815,0.011789303085747549
37,2022-01-31,EXH8.DE,-0.1544982794771548,0.0045231310650706,0.005841719917953,0.009238955492959217
38,2022-02-28,EXH8.DE,-0.0889571410286197,0.0288149528205394,0.0273307431489229,0.005633714739991562
39,2022-03-31,EXH8.DE,-0.0368237700483714,0.0218478124588727,0.023582162335515,9.798645552152842e-05
40,2022-04-29,EXH8.DE,0.0501780381405716,0.0183986537158489,0.0192789062857627,0.0016844536548639402
41,2022-05-31,EXH8.DE,-0.1036321336218798,0.0663195326924324,0.0520193316042423,0.0017275666716443094
42,2022-06-30,EXH8.DE,0.1166769194493196,-0.0005625227931886,-0.0024758344516158,-0.0014288011996139098
43,2022-07-29,EXH8.DE,-0.1300986270125287,-0.0180280897766351,-0.0103387460112571,0.0019929724919586222
44,2022-08-31,EXH8.DE,-0.1283552948818745,-0.0234184954315423,-0.0071733519434928,-0.0034969285602267763
45,2022-09-30,EXH8.DE,0.0749113877880662,0.008394094184041,0.0088012525811791,-0.0073696584718832
46,2022-10-31,EXH8.DE,0.1280990393501695,-0.0201394036412239,-0.0158436801284551,-0.005913979453425114
47,2022-11-30,EXH8.DE,-0.0039502092009777,-0.0015969965606927,0.0001188986352644,-0.004023717774499292
48,2022-12-30,EXH8.DE,0.1593080069713839,-0.0022156026680022,-0.0017397056799381,-0.0034924496702701687
49,2023-01-31,EXH8.DE,0.010502057430363,-0.0036063669249415,-0.0023190116044133,0.00353529355121196
50,2023-02-28,EXH8.DE,-0.0404947808020754,0.0024466989561915,0.001778666046448,0.0072210212276615626
51,2023-03-31,EXH8.DE,-0.0064865087125089,-0.0053716711699962,-0.0050508980639278,0.005470832773011006
52,2023-04-28,EXH8.DE,-0.0483466649685868,-0.0026164059527218,-0.0050443415530025,0.004600369901126815
53,2023-05-31,EXH8.DE,0.0734234253785352,0.00337317539379,0.0036747623234987,0.0026082936604756583
54,2023-06-30,EXH8.DE,0.0334611677545378,-0.0010960763320326,-0.0024699990171939,0.004248573473767491
55,2023-07-31,EXH8.DE,-0.0291881521772309,-0.0025713404174894,-0.002900724299252,0.003966105431107919
56,2023-08-31,EXH8.DE,-0.0355000237324411,0.0017724953358992,0.0010012621060013,0.0031597212717231603
57,2023-09-29,EXH8.DE,-0.0822163874238351,0.0027674261946231,0.0014999002451077,0.0034317171958188927
58,2023-10-31,EXH8.DE,0.1303362049886093,0.0105467634275555,0.0103940665721893,-0.002124241536530532
59,2023-11-30,EXH8.DE,0.0319253673530827,-0.0078198695555329,-0.0077661308459937,0.0008529793042237764
60,2023-12-29,EXH8.DE,-0.0224067850378324,0.0022354286629706,0.0017384593375027,0.001752077345853722
61,2024-01-31,EXH8.DE,0.0136719629658461,-0.0004232424253132,0.0005032693152315,0.00010175143590142167
62,2024-02-29,EXH8.DE,0.1326404359467691,-0.0019025452202185,-0.0034785526804625,-0.0007730596135658358
63,2024-03-28,EXH8.DE,-0.0348180628793207,0.0032128281891345,0.0009969127131626,0.0014833051366976249
64,2024-04-30,EXH8.DE,0.035515338774693,0.0100749917328357,0.0107065476477146,-0.0018798602804429947
65,2024-05-31,EXH8.DE,-0.0304114022909262,-0.0017339289188385,-0.0019452889682725,-0.00027712007066137286
66,2024-06-28,EXH8.DE,0.0197050894354204,0.0056617292575538,0.0055330856703221,-0.001141414379264738
67,2024-07-31,EXH8.DE,0.0492780448181585,6.552949344040826e-06,-0.001258534612134,0.0005777677375865049
68,2024-08-30,EXH8.DE,0.0515404517473318,-0.0058883433230221,-0.008870736695826,0.002706480941056522
69,2024-09-30,EXH8.DE,-0.0183816245931907,-0.0082274703308939,-0.0081638898700475,0.003976784640830227
70,2024-10-31,EXH8.DE,-0.0125433942430813,0.0204548723995685,0.0204040165990591,0.0028016894520729555
71,2024-11-29,EXH8.DE,-0.0110314501078338,-9.86841696430929e-05,-0.0003986206720583,0.0017879017758146833
72,2024-12-31,EXH8.DE,0.026858237686043,0.0069467243738472,0.0079710632562637,0.003077365560073653
73,2025-01-31,EXH8.DE,-0.0202813700691259,0.0143473586067557,0.0145648829638957,0.006760695959847605
74,2025-02-28,EXH8.DE,-0.0632740949634637,0.0125170033425092,0.0124139729887247,0.009764533965870613
75,2025-03-31,EXH8.DE,0.060321676198837,0.0131391705945134,0.0125096114352345,0.010432182693667882
76,2025-04-30,EXH8.DE,0.0368960776348967,0.0185179989784955,0.0177633725106716,0.011182785791042173
77,2025-05-30,EXH8.DE,-0.0440259929263714,0.0038397547323256,0.0039505660533905,0.014585908929481651
78,2025-06-30,EXH8.DE,-0.0275219780302505,0.0071528446860611,0.0072019002400338,0.011613903687046042
79,2025-07-31,EXH8.DE,0.0021299279246936,0.0052785044535994,0.0060300189070403,0.013067421707515835
80,2025-08-29,EXH8.DE,0.0690261479081396,0.0058928192593157,0.0063713644631206,0.015954434173152687
81,2025-09-30,EXH8.DE,0.0336750473381447,0.0043927291408181,0.0033529154025018,0.015799398212020834
82,2025-10-31,EXH8.DE,-0.0119034152910433,0.0095577975735068,0.0087860105559229,0.013665952569165474
83,2025-11-28,EXH8.DE,0.0724987151573155,0.0064325472339987,0.0064323991537094,0.013225637039858079
1,2019-01-31,MC.PA,0.0916477644045628,-0.0738255232572555,-0.0745294764637947,0.018442609920828777
2,2019-02-28,MC.PA,0.0822816060173185,0.0070577515289187,0.0083550317212939,0.021678233858821533
3,2019-03-29,MC.PA,0.0739698686594503,0.0048219370655715,0.0032788373064249,0.023493552099688248
4,2019-04-30,MC.PA,-0.0315776594037073,0.0020804584491997,0.0026818311307579,0.02632137985782622
5,2019-05-31,MC.PA,0.1010394088105372,0.017157120630145,0.0224482771009206,0.027923970795565904
6,2019-06-28,MC.PA,0.0118189242197886,0.0058707064017653,0.0026416885666549,0.028078148539073755
7,2019-07-31,MC.PA,-0.0378786518944267,0.0133458580821752,0.0117792291566729,0.026086845639559687
8,2019-08-30,MC.PA,0.006189420882697,0.0008316838066093,-0.0008824123069643,0.025811204214727455
9,2019-09-30,MC.PA,0.0418909426764686,0.0173840206116437,0.0159695334732532,0.023339796621648843
10,2019-10-31,MC.PA,0.0628212585184478,0.010783446021378,0.0108262300491333,0.02431998368494681
11,2019-11-29,MC.PA,0.0233326563080031,0.0066578602418303,0.005387264303863,0.024087981202337152
12,2019-12-31,MC.PA,-0.0376382809816816,0.0027452653739601,0.0030066624749451,0.023133990995669103
13,2020-01-31,MC.PA,-0.0497900331639253,0.0168044846504926,0.0149960061535239,0.02192430753717228
14,2020-02-28,MC.PA,-0.0578645054255771,0.0105448085814714,0.0225007981061935,0.01848957431683809
15,2020-03-31,MC.PA,0.0405321635575509,-0.0536378882825374,-0.0276347417384386,0.012430110273209862
16,2020-04-30,MC.PA,0.0620173078854689,0.0296959653496742,0.0271211322396993,0.01337216868993697
17,2020-05-29,MC.PA,0.0379377369010142,-0.006584367249161,-0.0069238194264471,0.01467659846608201
18,2020-06-30,MC.PA,-0.0021594330426194,0.0034245140850543,0.0062422030605375,0.017392576989927713
19,2020-07-31,MC.PA,0.0686201506826687,-0.0913759768009185,-0.0877002403140068,0.016104251909484057
20,2020-08-31,MC.PA,0.0427345886886754,0.0031701305415481,0.0025244611315429,0.016084031431064554
21,2020-09-30,MC.PA,0.010956041631394,-0.0024278771597892,-0.0014220476150512,0.014510218796099534
22,2020-10-30,MC.PA,0.1826114105690273,-0.0145611902698874,-0.0177158415317535,0.014873436336880295
23,2020-11-30,MC.PA,0.0648114270399498,0.0125260986387729,0.0097039695829153,0.01933664535069061
24,2020-12-31,MC.PA,-0.0062832436964619,0.0117730163037776,0.0058433949016034,0.02087981054747977
25,2021-01-29,MC.PA,0.0749817741392918,0.0059060100466012,0.0103468429297208,0.020551434869057122
26,2021-02-26,MC.PA,0.0553896845230035,0.00738071417436,0.0076076746918261,0.022621014264475405
27,2021-03-31,MC.PA,0.1037938187474749,0.0112870642915368,0.0109019856899976,0.020197845222382056
28,2021-04-30,MC.PA,0.0403746903154232,0.0236946642398834,0.0224389750510454,0.02127544650114399
29,2021-05-31,MC.PA,0.0331857375091607,0.001861632335931,-0.0004571262397803,0.02452673111635881
30,2021-06-30,MC.PA,0.0337505458050959,0.0215988587588071,0.0191524308174848,0.022562519456360466
31,2021-07-30,MC.PA,-0.0753301988129528,0.018621252849698,0.0229235421866178,0.023397179900792917
32,2021-08-31,MC.PA,-0.0020761603187956,0.026035226881504,0.0213818568736314,0.02107871989203569
33,2021-09-30,MC.PA,0.0880857655628938,0.009720291942358,0.0087194368243217,0.025040236772418907
34,2021-10-29,MC.PA,0.0291058291702514,0.0029640384018421,0.002167422324419,0.02811323214293493
35,2021-11-30,MC.PA,0.0584117988920279,-0.0053271674551069,-0.0048548621125519,0.029448007072881113
36,2021-12-31,MC.PA,-0.0060706780147154,0.0033430303446948,0.0031341880094259,0.02780880808434786
37,2022-01-31,MC.PA,-0.1438249430885025,0.0406186208128929,0.0251675657927989,0.025300018154866575
38,2022-02-28,MC.PA,0.0178722020485676,0.0180983990430831,0.0164714138954877,0.02081688989694758
39,2022-03-31,MC.PA,-0.0567435229413215,0.0288558043539524,0.0341843776404857,0.017992845652738388
40,2022-04-29,MC.PA,-0.0177518003315023,0.0325724519789218,0.0289508420974016,0.017878334209382032
41,2022-05-31,MC.PA,-0.0138259840103701,0.0492364391684532,0.051696378737688,0.014042763998374057
42,2022-06-30,MC.PA,0.1487577823501738,-0.0027115861885249,-0.001620082068257,0.013297437967508645
43,2022-07-29,MC.PA,-0.0180884184100874,-0.0036530476063489,-0.0043149902485311,0.018848565629515646
44,2022-08-31,MC.PA,-0.0629439110190243,0.0044469321146607,0.0036337457131594,0.01701460140556161
45,2022-09-30,MC.PA,0.045789857171605,0.0034952345304191,0.0026134583167731,0.013906821898135524
46,2022-10-31,MC.PA,0.094028993475238,0.0009724769624881,0.0011471683392301,0.013612512164292045
47,2022-11-30,MC.PA,-0.0742445572626598,-0.0016420420724898,0.0012611831771209,0.016901589130598433
48,2022-12-30,MC.PA,0.1611647811644314,0.0056713786907494,0.0054335799068212,0.015312240523614426
49,2023-01-31,MC.PA,-0.0097978542648821,-0.0053554875776171,-0.0019372048554942,0.022455424627699092
50,2023-02-28,MC.PA,0.04097418642932,0.0169111751019954,0.0147826140746474,0.024348903590124243
51,2023-03-31,MC.PA,0.0361622677569433,-0.0113457078114151,-0.0091989981010556,0.02536941579898159
52,2023-04-28,MC.PA,-0.0362399913043934,0.0049160118214786,0.0020233124960213,0.024809986234247485
53,2023-05-31,MC.PA,0.049263893894997,0.0285310726612806,0.0262457076460123,0.02178738531243465
54,2023-06-30,MC.PA,-0.0174162015242915,0.0002497760287951,-0.00121671683155,0.023403281783152333
55,2023-07-31,MC.PA,-0.0459642573842569,0.0093624237924814,0.0062391036190092,0.021943127854285573
56,2023-08-31,MC.PA,-0.0878718897841705,0.0049244412221014,0.0040557226166129,0.019083080440980234
57,2023-09-29,MC.PA,-0.0654695532454052,0.019847935065627,0.0180849023163318,0.017175807790680755
58,2023-10-31,MC.PA,0.0234441885088688,0.0312542729079723,0.0334583222866058,0.009675312109473354
59,2023-11-30,MC.PA,0.0363763010457188,0.010903594084084,0.0068217767402529,0.00975624356843125
60,2023-12-29,MC.PA,0.0638907844030325,0.0227005518972873,0.02114187926054,0.010960655942667178
61,2024-01-31,MC.PA,0.0856748949932675,0.018367713317275,0.0198690742254257,0.011375925231327714
62,2024-02-29,MC.PA,-0.0108560922992974,-0.0037691227626055,-0.0036249191034585,0.011934286430096839
63,2024-03-28,MC.PA,-0.0581486933702576,0.0044077700003981,0.0019855967257171,0.008703561032722358
64,2024-04-30,MC.PA,-0.0670208017894434,0.0107504185289144,0.0112603055313229,0.005942527230790695
65,2024-05-31,MC.PA,-0.031656528582906,0.0002285769296577,-0.0031323074363172,0.004256257406712451
66,2024-06-28,MC.PA,-0.0861454533033507,0.0082139382138848,0.0118451369926333,0.002331702306004102
67,2024-07-31,MC.PA,0.0366847093012451,0.0189669001847505,0.0199699308723211,0.0025423237569035776
68,2024-08-30,MC.PA,0.0208401671715331,0.0014475685311481,-0.0007821227191016,0.003411725323912836
69,2024-09-30,MC.PA,-0.087367904150661,0.0217890553176403,0.0202231388539075,0.002011161703848346
70,2024-10-31,MC.PA,-0.0287801210689488,0.0065514706075191,0.0100434208288788,-0.0020898567957483077
71,2024-11-29,MC.PA,0.079387285955622,0.0008701084298081,-0.0010836923029273,-0.0045118545724421
72,2024-12-31,MC.PA,0.118988690038776,0.0196739081293344,0.0177728235721588,-0.0009818812995623866
73,2025-01-31,MC.PA,-0.0182175065726709,0.024122891947627,0.0254642870277166,0.003241430892398157
74,2025-02-28,MC.PA,-0.1951535355167464,0.0144338421523571,0.0126816369593143,0.003937593113438467
75,2025-03-31,MC.PA,-0.1433995735714288,0.0336891300976276,0.0261927917599678,-0.0009536065343701426
76,2025-04-30,MC.PA,-0.0137235727796079,0.0149020832031965,0.0073521565645933,-0.0028124591591206136
77,2025-05-30,MC.PA,-0.0729585932181026,0.024139991030097,0.022683035582304,-0.0038016355133049114
78,2025-06-30,MC.PA,0.065718638265178,0.0047769802622497,0.0165407601743936,-0.007903226737073407
79,2025-07-31,MC.PA,0.0650543515967065,0.0099190333858132,0.0081968260928988,-0.008102310662105082
80,2025-08-29,MC.PA,0.0369980283301208,-0.0138917993754148,-0.0115306880325078,-0.0035845587955384162
81,2025-09-30,MC.PA,0.1729922477769382,0.0272985957562923,0.0276061613112688,-0.005155686209419358
82,2025-10-31,MC.PA,0.0487824931445652,-0.0206294655799865,-0.0206495728343725,-0.0021095973276959138
83,2025-11-28,MC.PA,0.0145561947702083,0.0101401517167687,0.0097344052046537,-0.0009164867579259322
1,2019-01-31,NESN.SW,0.0553767876452257,0.0043765730224549,0.0020158246625214,0.007034402551553063
2,2019-02-28,NESN.SW,0.0686577316473211,0.0065969554707407,0.0061196223832666,0.00822147678344186
3,2019-03-29,NESN.SW,0.0374149182734767,0.0039099748246371,0.0029325846116989,0.008783045868463507
4,2019-04-30,NESN.SW,0.0168733056390002,-0.0013679550029337,-0.0022769367787986,0.00963027631857732
5,2019-05-31,NESN.SW,0.0187240330480422,0.0015503581380471,0.0040961191989481,0.010600665489061873
6,2019-06-28,NESN.SW,0.044949254133436,0.0108588580042123,0.0095813311636447,0.008900549125897132
7,2019-07-31,NESN.SW,0.057805190885349,0.0054545509628951,0.0029132908675819,0.010634573979769807
8,2019-08-30,NESN.SW,-0.0193714955751514,0.0135191157460212,0.0098005598410964,0.012889823557448412
9,2019-09-30,NESN.SW,-0.0511115541261828,0.015161944553256,0.0155203528702259,0.013631213837484162
10,2019-10-31,NESN.SW,-0.0101040507803246,0.001519106910564,0.0046109585091471,0.013424856713684109
11,2019-11-29,NESN.SW,0.0179984009601375,0.0026202597655355,0.0071226209402084,0.011484760612137594
12,2019-12-31,NESN.SW,0.0433993301090504,-0.0033013653010129,-0.0011766916140913,0.012172895786629846
13,2020-01-31,NESN.SW,-0.0528412687391485,0.0029314728453755,0.0032976074144244,0.01228250221512803
14,2020-02-28,NESN.SW,0.0156484910723545,0.0050360662862658,0.0100356573238968,0.00939443312907024
15,2020-03-31,NESN.SW,0.0495479179875758,-0.01022226549685,-0.0113360900431871,0.009173727444224166
16,2020-04-30,NESN.SW,0.0108178038725233,0.0059991311281919,0.005190507043153,0.008867548312326489
17,2020-05-29,NESN.SW,0.0142256020801203,0.0064377514645457,0.0050522880628705,0.008104504280579454
18,2020-06-30,NESN.SW,0.049381975306523,0.0049977265298366,0.0032015824690461,0.009999042146759804
19,2020-07-31,NESN.SW,0.0059667592375271,-0.0002393171598669,-0.0025093173608183,0.012119940988786831
20,2020-08-31,NESN.SW,0.0087215327102193,0.0030011197086423,0.0015779847744852,0.01162845041658119
21,2020-09-30,NESN.SW,-0.049554178276255,0.0039104833267629,0.0027665502857416,0.012225471475250303
22,2020-10-30,NESN.SW,-0.0314249331587939,0.0037735062651336,0.0010529180290177,0.010191421479829913
23,2020-11-30,NESN.SW,0.0292610945654531,0.0004479681374505,-0.0003273164620622,0.009746865503583205
24,2020-12-31,NESN.SW,-0.0162217334023697,0.0034127631224691,0.0032175069209188,0.011450273808077404
25,2021-01-29,NESN.SW,-0.049978179075794,0.0092251077294349,0.0095749041065573,0.011601524848018723
26,2021-02-26,NESN.SW,0.0964132179662602,0.0195484310388565,0.0146949114277958,0.011305982207536066
27,2021-03-31,NESN.SW,0.0605808581639657,0.0058089317753911,0.0044565959833562,0.012512587215180004
28,2021-04-30,NESN.SW,0.0209590015108246,0.0036499013658612,0.0032727795187383,0.013268801341872742
29,2021-05-31,NESN.SW,0.0497245336528484,0.0035283318720757,0.0054312571883201,0.01425938425317795
30,2021-06-30,NESN.SW,0.0035094888126381,0.0069466768763959,0.0036747965496033,0.013464607420832343
31,2021-07-30,NESN.SW,0.0200838524400084,0.0060234847478568,0.005425598938018,0.01334517425021474
32,2021-08-31,NESN.SW,-0.0323748549183227,0.0038520088419318,0.0031536950264126,0.013470189628053575
33,2021-09-30,NESN.SW,0.0870666489298896,0.0059790736995637,0.0055513591505587,0.011707440019552534
34,2021-10-29,NESN.SW,0.0142097738905619,-0.0124486731365323,-0.0090505350381135,0.013698580141209898
35,2021-11-30,NESN.SW,0.0883242528907701,0.0029112570919096,0.0022705285809934,0.01577788823176851
36,2021-12-31,NESN.SW,-0.0681096563277216,0.0023234542459249,0.0028057838790118,0.015344487416367712
37,2022-01-31,NESN.SW,0.0204575633192464,0.0101867988705635,0.0102558359503746,0.012368418705328614
38,2022-02-28,NESN.SW,0.0187314745406406,-0.0090819327160716,-0.010589987039566,0.010640001109627187
39,2022-03-31,NESN.SW,0.0721645900172686,-0.0004264370072633,0.0020467131398618,0.009900226252846181
40,2022-04-29,NESN.SW,-0.0813058284007843,0.0007110289297997,0.0006357278907671,0.011629460137496711
41,2022-05-31,NESN.SW,-0.0150716999876071,0.0076012634672224,0.0072096609510481,0.008155601199679136
42,2022-06-30,NESN.SW,0.0682655062687053,-0.0094412108883261,-0.0083875553682446,0.006537079737971549
43,2022-07-29,NESN.SW,0.0020585287068017,-0.0010225219884887,-0.0010798774892464,0.006927381266647492
44,2022-08-31,NESN.SW,-0.0442035555012039,0.0009846691973507,0.0002439318195683,0.00654669473073683
45,2022-09-30,NESN.SW,-0.0163273444545738,0.0017769892001524,0.0015302934916689,0.006322787011627066
46,2022-10-31,NESN.SW,0.0303577983943046,0.0003044210316147,-8.177881682058796e-05,0.006132945867091665
47,2022-11-30,NESN.SW,-0.0459822765986182,-0.0061129983514547,-0.0060791685245931,0.006761653499822051
48,2022-12-30,NESN.SW,0.0199282003252801,0.0011250950628891,0.0013252965873107,0.004001175432681784
49,2023-01-31,NESN.SW,-0.0464701207339221,-0.0019801263697445,-0.0020805702079087,0.007043336795833232
50,2023-02-28,NESN.SW,0.0492737616319519,0.003368352772668,0.0051556206308305,0.006304729541935197
51,2023-03-31,NESN.SW,0.0665474805504805,-0.0032213742379099,-0.0028085981030017,0.005547526052672108
52,2023-04-28,NESN.SW,-0.0058439287918269,-0.0016065629897639,-0.0019226584117859,0.007462216860565955
53,2023-05-31,NESN.SW,-0.0157452679263166,0.0047049173153936,0.0072508426383137,0.005330486294758099
54,2023-06-30,NESN.SW,0.0121259784135914,0.0043448973447084,0.0048837917856872,0.0039442246108680745
55,2023-07-31,NESN.SW,0.0033277110625179,-0.0014579151757061,-0.0010702541330829,0.004374269375446987
56,2023-08-31,NESN.SW,-0.0321086853102029,0.0024403857532888,0.0015022425213828,0.004458156041200774
57,2023-09-29,NESN.SW,-0.0463666825103375,0.0058396244421601,0.0066598798148334,0.004988191084413816
58,2023-10-31,NESN.SW,0.0028028237123536,0.0073114191181957,0.0068967416882514,0.004217162835527989
59,2023-11-30,NESN.SW,0.0074785505123963,0.0138599975034594,0.0123834488913416,0.0041216030845078805
60,2023-12-29,NESN.SW,0.0159290810223881,0.0171593744307756,0.0175626538693904,0.004557221666059085
61,2024-01-31,NESN.SW,-0.0905502588580681,0.01652592420578,0.0168156810104846,0.006972811735922827
62,2024-02-29,NESN.SW,0.0149745854161383,0.0212726108729839,0.0156569778919219,0.0021958494469343443
63,2024-03-28,NESN.SW,-0.0063306510962439,0.0046778647229075,0.005597663577646,0.001259974447152448
64,2024-04-30,NESN.SW,-0.0252205447399763,0.0105641717091202,0.0092583103105425,0.00020812367848094875
65,2024-05-31,NESN.SW,-0.0268898784747792,0.0164053123444318,0.0173257943242788,0.0001843648658602031
66,2024-06-28,NESN.SW,-0.0385859332534478,0.0147485127672553,0.0149043444544076,-0.000607345442089402
67,2024-07-31,NESN.SW,0.0403717181816121,0.0101799136027693,0.0090305460616946,-0.001984348634896962
68,2024-08-30,NESN.SW,-0.0702181320723379,0.0022445512004196,0.0007324282778427,0.0004127442555990562
69,2024-09-30,NESN.SW,-0.0181913691097042,0.0091928867623209,0.0086831133812665,-0.00386020411784507
70,2024-10-31,NESN.SW,-0.0550306546169101,0.0160400960594415,0.0158729907125234,-0.005174682761286976
71,2024-11-29,NESN.SW,-0.0303655907025728,0.0077878115698695,0.0063046724535524,-0.009156763525389201
72,2024-12-31,NESN.SW,0.0449095692646808,0.0210398212075233,0.0204106606543064,-0.007714480772142318
73,2025-01-31,NESN.SW,0.1402506306530377,0.0087980022653937,0.0065818536095321,-0.00732523737561857
74,2025-02-28,NESN.SW,0.0061770918610226,0.0105400029569864,0.0092299170792102,-0.004255436466678499
75,2025-03-31,NESN.SW,0.0337362912598633,0.0119613576680421,0.0103578008711338,-0.005786116711067966
76,2025-04-30,NESN.SW,-0.0027410350831565,0.01324147824198,0.0137647278606891,-0.002124343713367511
77,2025-05-30,NESN.SW,-0.1076332889398464,0.0081456303596496,0.0081492597237229,-0.0021785677087553276
78,2025-06-30,NESN.SW,-0.0798114322492236,0.0172136630862951,0.0168566405773162,-0.0070184532527441945
79,2025-07-31,NESN.SW,0.0512809364551654,0.0175145845860242,0.0159688349813222,-0.00997569213106337
80,2025-08-29,NESN.SW,-0.0416884870149688,0.0040537556633353,0.0049233944155275,-0.006572208103412327
81,2025-09-30,NESN.SW,0.0832454216580621,0.002395617775619,0.0040998482145369,-0.0067481365996945935
82,2025-10-31,NESN.SW,0.0358197191027445,-0.0068026217631995,-0.0145535580813884,-0.0066473897096268365
83,2025-11-28,NESN.SW,-0.0089164017248788,0.004222156945616,0.0057603265158832,-0.004116960620202947
1,2019-01-31,SAP.DE,0.050134760539233,-0.0109107214957475,-0.0119764115661382,0.008205050416232934
2,2019-02-28,SAP.DE,0.0893090132067862,0.0012157546589151,0.0037665658164769,0.009158678631158502
3,2019-03-29,SAP.DE,0.1065441652677678,0.0097534218803048,0.0095941964536905,0.011879712201091432
4,2019-04-30,SAP.DE,-0.0165748897153416,0.0151824820786714,0.0199366845190525,0.013639017016608499
5,2019-05-31,SAP.DE,0.1018586315261609,0.0172282997518777,0.0157350674271583,0.01577736472918947
6,2019-06-28,SAP.DE,-0.0627073042127077,0.0002236578729934,-0.0050681517459452,0.01361069021966177
7,2019-07-31,SAP.DE,-0.0303523338527059,0.0476175919175148,0.0446546971797943,0.011301972328417934
8,2019-08-30,SAP.DE,-0.0066519340878427,0.0187343712896108,0.0144841689616441,0.009474013151194362
9,2019-09-30,SAP.DE,0.0972632895816284,0.0079630026593804,0.0068448255769908,0.009079444133084516
10,2019-10-31,SAP.DE,0.038637793334594,-0.0172029677778482,-0.0687034875154495,0.011826441807952634
11,2019-11-29,SAP.DE,-0.0259245146887617,0.0020094548817723,0.0019473721040412,0.01239594502483057
12,2019-12-31,SAP.DE,-0.0179459193395737,0.0052328677847981,0.006347875110805,0.010789491874797151
13,2020-01-31,SAP.DE,-0.0596277816806538,0.0036239076871424,0.0099178664386272,0.009325151340904872
14,2020-02-28,SAP.DE,-0.0878266653853664,0.0001127305586123,0.0057763806544244,0.007294313688127459
15,2020-03-31,SAP.DE,0.058011866921299,-0.0821911320090293,-0.0602195560932159,0.004120915721096037
16,2020-04-30,SAP.DE,0.0554467728232933,0.0330779254436492,0.0245362073183059,0.004631408718841218
17,2020-05-29,SAP.DE,0.0758183552145191,-0.0080942623317241,-0.0066044977866113,0.005917888411496566
18,2020-06-30,SAP.DE,0.1156356113728422,-0.0061483215540647,-0.0062043713405728,0.010106938919237838
19,2020-07-31,SAP.DE,0.0313467041521448,0.0122182918712496,-0.0083864200860261,0.0128589127398637
20,2020-08-31,SAP.DE,-0.028510114811849,0.0037785090971738,-0.0074550937861204,0.012623171308197111
21,2020-09-30,SAP.DE,-0.35315164980678,0.0163069125264883,0.0093794092535972,0.009819725406011948
22,2020-10-30,SAP.DE,0.108547210075155,0.029288550838828,0.0235722381621599,-0.00045368189768618054
23,2020-11-30,SAP.DE,0.0501059654906491,0.0185652542859315,0.0169357396662235,0.003151814834069924
24,2020-12-31,SAP.DE,-0.0016802180050537,0.0223765727132558,0.016190655529499,0.005401988272456674
25,2021-01-29,SAP.DE,-0.0138359439928663,0.0072081559337675,0.0064980662427842,0.007042330595154503
26,2021-02-26,SAP.DE,0.0217105825321946,0.010576844215393,0.0081344479694962,0.006925452839011791
27,2021-03-31,SAP.DE,0.1116993323880274,-0.0024024208541959,0.000954671530053,0.004688064544540108
28,2021-04-30,SAP.DE,-0.0115692556979077,0.0198985524475574,0.0194097943603992,0.006026030159608058
29,2021-05-31,SAP.DE,0.0533436386059249,0.0139265777543187,0.0117577472701668,0.005149748012334317
30,2021-06-30,SAP.DE,0.0201589958136084,0.0034100243356078,0.0042463019490242,0.005141754415968746
31,2021-07-30,SAP.DE,0.0490896216919752,0.0076968539506196,0.0070104538463056,0.005215273204466156
32,2021-08-31,SAP.DE,-0.0789841604279986,0.0026603313162922,0.0030525866895914,0.005886291218737947
33,2021-09-30,SAP.DE,0.0697227500010061,0.0172542836517095,0.0161570906639099,0.0075843725489301355
34,2021-10-29,SAP.DE,-0.0704073090661344,-0.0014751502312719,0.0007315793773159,0.010428956298146897
35,2021-11-30,SAP.DE,0.0877474066326873,-0.0452544093132019,-0.0358036868274211,0.008929404494548389
36,2021-12-31,SAP.DE,-0.1234031983288202,0.0045506167225539,0.0048460774123668,0.010699181236863087
37,2022-01-31,SAP.DE,-0.1102033681852703,-0.0141029730439186,-0.0140942949801683,0.00564088275693596
38,2022-02-28,SAP.DE,0.0205145779524256,0.0204889141023159,0.0179023426026105,0.0011999360225213923
39,2022-03-31,SAP.DE,-0.0466612310517773,0.0094834566116333,0.0044223326258361,-0.0022384384606668473
40,2022-04-29,SAP.DE,0.0018126429733713,0.0201269369572401,0.0216990448534488,-0.0027735867086723497
41,2022-05-31,SAP.DE,-0.0286421358522212,0.0075068185105919,0.005987589713186,-0.005703105230593289
42,2022-06-30,SAP.DE,0.0422336039991141,0.0036549118813127,0.0064771547913551,-0.005068929707132932
43,2022-07-29,SAP.DE,-0.0697572670050025,-0.0017885881243273,-0.008153642527759,-0.0030127324450345645
44,2022-08-31,SAP.DE,-0.0368125385196225,0.0103959525004029,0.0103795789182186,-0.005025550790934573
45,2022-09-30,SAP.DE,0.149350010857979,0.0059247515164315,0.0093422932550311,-0.008113342683569065
46,2022-10-31,SAP.DE,0.0539110485293494,-0.0168343689292669,-0.0156831368803977,-0.004681257439256169
47,2022-11-30,SAP.DE,-0.0804018446480051,-0.0005902849370613,-0.0062273573130369,-0.002310999584152546
48,2022-12-30,SAP.DE,0.1053605240230214,0.0077029969543218,0.0089069511741399,-0.004470411246606891
49,2023-01-31,SAP.DE,-0.0163724345302929,0.0007342231692746,-0.0004511527949944,0.0008120965473850106
50,2023-02-28,SAP.DE,0.0641430282579801,0.006997182033956,0.0066874716430902,0.003655277156443611
51,2023-03-31,SAP.DE,0.0495857971423011,-0.0091687263920903,-0.0129277920350432,0.003374012966385682
52,2023-04-28,SAP.DE,0.0088954783781021,-0.0191138591617345,-0.0157811790704727,0.0038247080980262885
53,2023-05-31,SAP.DE,0.0097736429805524,0.0012880529975518,0.0007999654044397,0.0016247659395179298
54,2023-06-30,SAP.DE,-0.0059309037727902,0.0040472564287483,0.0009595265146344,-0.0013456693817637008
55,2023-07-31,SAP.DE,0.0347586250525208,0.0040601985529065,0.0034137160982936,-0.0016691936184077705
56,2023-08-31,SAP.DE,-0.0476962056632569,-0.0034942862112075,-0.004436754155904,0.0005555618838790139
57,2023-09-29,SAP.DE,0.0223823538239465,0.0060588768683373,0.0066504920832812,0.009637317675938784
58,2023-10-31,SAP.DE,0.1314184752251345,-0.0072667924687266,-0.0094224801287055,0.008227384837454802
59,2023-11-30,SAP.DE,-0.0575790434956594,-0.00728962989524,-0.0064482726156711,0.01016036575763045
60,2023-12-29,SAP.DE,0.1522643607196375,0.0057331598363816,0.0044984011910855,0.008712038864426125
61,2024-01-31,SAP.DE,0.0724363101882479,0.0042374180629849,0.0043803034350275,0.013960023297805903
62,2024-02-29,SAP.DE,0.0429115066702903,0.0016173293115571,0.0026753051206469,0.015918445629270153
63,2024-03-28,SAP.DE,-0.0513925265817097,0.0036686586681753,0.0018946415511891,0.013306164262238122
64,2024-04-30,SAP.DE,0.0480003704536627,0.0242281034588813,0.0258093792945146,0.012002834849346437
65,2024-05-31,SAP.DE,0.112277927254143,-0.0343144461512565,-0.022708024829626,0.010849597857454788
66,2024-06-28,SAP.DE,0.017573713807152,-0.0082881264388561,-0.0058173583820462,0.014041277164943758
67,2024-07-31,SAP.DE,0.0203031152926832,-0.0080883037298917,-0.0069515565410256,0.013504497242478214
68,2024-08-30,SAP.DE,0.0332269385235814,-0.0110929124057292,-0.007574004586786,0.015962505639338726
69,2024-09-30,SAP.DE,0.0915672232098507,-0.0050213066861033,-0.0072369459085166,0.01494542952725819
70,2024-10-31,SAP.DE,0.0459484386038166,-0.0005463877459987,-8.2401093095541e-05,0.01937068455321896
71,2024-11-29,SAP.DE,0.0494463696584851,-0.0026838339399546,-0.0043049678206443,0.01820960210797256
72,2024-12-31,SAP.DE,0.1260712434040626,0.0111386682838201,0.0105307130143046,0.02260086597067739
73,2025-01-31,SAP.DE,0.0112953512040064,0.0022184494882822,0.0018608339596539,0.028643993975134296
74,2025-02-28,SAP.DE,-0.0820549639591645,0.0266530588269233,0.0265011489391326,0.02840431495715554
75,2025-03-31,SAP.DE,0.0436331057332,0.0623522475361824,0.0584990382194519,0.02784119668056495
76,2025-04-30,SAP.DE,0.0366191782457687,-0.0216850396245718,-0.0106395334005355,0.029291218440640348
77,2025-05-30,SAP.DE,-0.029579510705648,0.0046599465422332,0.0046173953451216,0.03045971606204952
78,2025-06-30,SAP.DE,-0.0382991296334949,0.0107717923820018,0.0108405873179435,0.03058080852826824
79,2025-07-31,SAP.DE,-0.0792123499221778,0.0131209893152117,0.0153750628232955,0.031029782569509244
80,2025-08-29,SAP.DE,-0.0269015684004947,0.0178034361451864,0.0148241780698299,0.029628998980923575
81,2025-09-30,SAP.DE,-0.0159224820970598,0.0108074378222227,0.0021706325933337,0.02446049908869995
82,2025-10-31,SAP.DE,-0.0717972719264121,0.0126195596531033,0.0131209501996636,0.022197751892341695
83,2025-11-28,SAP.DE,-0.0009594289186371,0.010226460173726,0.0098903588950634,0.02226306222421753
1,2019-01-31,SIE.DE,0.0120381469058544,-0.0201286021620035,-0.0199136640876531,0.005958645926064445
2,2019-02-28,SIE.DE,-0.0019783331431163,-4.551263555185869e-05,0.0011382750235497,0.0046206683170505105
3,2019-03-29,SIE.DE,0.1066730187196743,0.0054203597828745,0.0011315055890008,0.003404645433278021
4,2019-04-30,SIE.DE,-0.0372216615767741,-0.0037750024348497,-0.001286635058932,0.005690316497417531
5,2019-05-31,SIE.DE,0.0439716647345325,0.0142569420859217,0.0104668335989117,0.007208036354796264
6,2019-06-28,SIE.DE,-0.0330448370994576,0.0024864005390554,0.0034543254878371,0.005618273886661202
7,2019-07-31,SIE.DE,-0.0952089480384701,0.0119789103046059,0.0106477485969662,0.0008405274543278452
8,2019-08-30,SIE.DE,0.0772052545413995,-0.0065171308815479,-0.003457159968093,-0.000564085272594772
9,2019-09-30,SIE.DE,0.0711956300493774,0.0111078424379229,0.0062428773380815,0.0007618929010486416
10,2019-10-31,SIE.DE,0.1247875133874111,0.0031697463709861,0.0029510643798857,0.0020199895079972365
11,2019-11-29,SIE.DE,-0.0049644553894537,0.0100800711661577,0.0096087241545319,0.0033815869644993305
12,2019-12-31,SIE.DE,-0.0243193518218079,0.0059065856039524,0.0061637596227228,0.002323572590418241
13,2020-01-31,SIE.DE,-0.1586253364954451,0.0172400455921888,0.0143621750175952,-0.0003621697614912822
14,2020-02-28,SIE.DE,-0.2137989572412331,0.0219962615519762,0.0273850131779909,-0.004412968175306379
15,2020-03-31,SIE.DE,0.0889885200119455,-0.0416136272251606,-0.0182642098516225,-0.011587833922601504
16,2020-04-30,SIE.DE,0.1514816732789767,0.0595030672848224,0.0509975217282772,-0.007824207345457128
17,2020-05-29,SIE.DE,0.0511410402189473,0.0177808757871389,0.0116761531680822,-0.0035833119256846796
18,2020-06-30,SIE.DE,0.0894266640369223,0.0081742042675614,0.0116352336481213,8.514163459480726e-05
19,2020-07-31,SIE.DE,0.0655651745809322,-0.0091683324426412,-0.0051696072332561,0.0025719107623660697
20,2020-08-31,SIE.DE,0.0411247445180994,0.0029705006163567,0.002157128881663,0.003012841800620484
21,2020-09-30,SIE.DE,-0.0694695806393519,-0.0093371262773871,-0.0150309149175882,0.0036402846132697307
22,2020-10-30,SIE.DE,0.1063531038829902,-0.0479939095675945,-0.039304994046688,0.002857148489499102
23,2020-11-30,SIE.DE,0.0481096604080566,-0.0047349012456834,0.0018297937931492,0.004657835054177939
24,2020-12-31,SIE.DE,0.1050711535933711,0.0089484034106135,0.0041196788661181,0.00528305683444974
25,2021-01-29,SIE.DE,0.0487916764500861,-0.0137077653780579,-0.0134973376989364,0.009153501933826715
26,2021-02-26,SIE.DE,0.0742194704557023,0.0127529092133045,0.0160064231604337,0.012629854147519973
27,2021-03-31,SIE.DE,-0.0084641800110164,0.0073181758634746,0.0160600524395704,0.013746795971589244
28,2021-04-30,SIE.DE,-0.0455394789567759,0.0272570215165615,0.0209599062800407,0.011334495481840352
29,2021-05-31,SIE.DE,0.01466865743881,0.0528438054025173,0.0487312898039817,0.01055090450704372
30,2021-06-30,SIE.DE,-0.0032983334142009,0.008765235543251,0.009993553161621,0.008780836718521194
31,2021-07-30,SIE.DE,0.072119157653254,-0.0011513930512592,0.0014112169155851,0.010066641709265783
32,2021-08-31,SIE.DE,0.0181528176429599,0.0013449921971186,0.0004366452048998,0.012371206288283403
33,2021-09-30,SIE.DE,-0.0116231549111491,0.0060397922061383,0.0078851953148841,0.015584924452637297
34,2021-10-29,SIE.DE,0.030054228032535,0.0036443781573325,0.0029242485761642,0.01460920986014459
35,2021-11-30,SIE.DE,0.0716883707959952,-0.0444115810096263,-0.0420796982944011,0.01666766363421241
36,2021-12-31,SIE.DE,-0.0875591482633424,-0.0032226422335952,-0.002898815087974,0.017698330678139453
37,2022-01-31,SIE.DE,-0.1214306033652616,0.0177003499120473,0.0217571258544921,0.01510227887955599
38,2022-02-28,SIE.DE,0.0597604173285611,0.0267889760434627,0.0305544883012771,0.01345179156982342
39,2022-03-31,SIE.DE,-0.0876048589912992,0.0516033209860324,0.0518619529902935,0.009994971671948443
40,2022-04-29,SIE.DE,0.0580541878954028,0.0435665026307106,0.041439265012741,0.009229977308900924
41,2022-05-31,SIE.DE,-0.1885481040707621,0.0143789686262607,0.0205485094338655,0.009836461910868795
42,2022-06-30,SIE.DE,0.1114804834232139,0.0296093821525573,0.0418704897165298,0.00474750941223914
43,2022-07-29,SIE.DE,-0.0599913626936355,-0.0244904328137636,-0.0194278787821531,0.011066139955425687
44,2022-08-31,SIE.DE,-0.0282953166981554,0.0143482759594917,0.0166121181100606,0.006250893322954538
45,2022-09-30,SIE.DE,0.0891828762841535,0.0047176908701658,0.0073063285090029,0.004528245539474273
46,2022-10-31,SIE.DE,0.1846687762454904,-0.0059439912438392,-0.0068762046284973,0.003828911336447434
47,2022-11-30,SIE.DE,-0.012113963721646,0.0057445233687758,0.0100491633638739,0.008757663509926659
48,2022-12-30,SIE.DE,0.0998997755410274,0.0036999895237386,0.0026536593213677,0.008473647801321994
49,2023-01-31,SIE.DE,0.0457864705072467,0.0128383124247193,0.0140106314793229,0.016256838647119305
50,2023-02-28,SIE.DE,0.0109966695849904,0.0076015726663172,0.0109136337414383,0.02421091229603715
51,2023-03-31,SIE.DE,-0.0130826120449171,0.0003375330707058,0.0031607972923666,0.020930971850161028
52,2023-04-28,SIE.DE,0.0465810337368376,0.0039488500915467,0.0007166475988924,0.01652949155015144
53,2023-05-31,SIE.DE,-0.0181631933427285,0.007978125475347,0.0049325218424201,0.016051670368379043
54,2023-06-30,SIE.DE,0.0158693453298021,0.0207259524613618,0.018173636868596,0.013139797008344568
55,2023-07-31,SIE.DE,-0.1010824038461795,-0.0023700220044702,-0.0032507937867194,0.012477721482111901
56,2023-08-31,SIE.DE,-0.0234585597462408,0.0096519701182842,0.0070645972155034,0.009125974956544337
57,2023-09-29,SIE.DE,-0.0922924035184418,0.0073870024643838,0.0075806118547916,0.010748515125325141
58,2023-10-31,SIE.DE,0.2016596372278248,0.0273129642009735,0.0273437090218067,0.005177952445154979
59,2023-11-30,SIE.DE,0.0862967720013123,0.0075841192156076,0.0065300930291414,0.009814128859613809
60,2023-12-29,SIE.DE,-0.0035371999465532,0.0018210591515526,-0.00069178303238,0.00980316295702657
61,2024-01-31,SIE.DE,0.1211557188097278,-0.0044556935317814,-0.0059668086469173,0.008296866656071704
62,2024-02-29,SIE.DE,-0.033234452927011,-0.0037123505026102,-0.0048309089615941,0.009577681974370403
63,2024-03-28,SIE.DE,0.0038352091033627,0.0239529460668563,0.0192318297922611,0.008599431015984779
64,2024-04-30,SIE.DE,-0.0009099545677841,0.0119053497910499,0.0091318190097808,0.009731875144191469
65,2024-05-31,SIE.DE,0.0048672934036614,0.0102790705859661,0.0097703179344534,0.01005349617932241
66,2024-06-28,SIE.DE,-0.0344336459534985,0.0085645904764533,0.0065005179494619,0.009729397132142456
67,2024-07-31,SIE.DE,0.0047109074032532,-0.0009023671154864,-0.0015343837440013,0.007378117058844551
68,2024-08-30,SIE.DE,0.0650460054154298,0.0079266531392931,0.0061149499379098,0.007069886940316936
69,2024-09-30,SIE.DE,-0.0015452282818391,0.0120467767119407,0.0114159416407346,0.009578898373405285
70,2024-10-31,SIE.DE,0.0263319559626788,0.0085130902007222,0.01544049102813,0.008840277519939606
71,2024-11-29,SIE.DE,0.0290560886634272,0.0082533955574035,0.0090539511293172,0.007580377107903023
72,2024-12-31,SIE.DE,0.0843251888016158,0.0003445851616561,-0.0006948260706849,0.010532618570525627
73,2025-01-31,SIE.DE,0.108550959177794,0.0002486834418959,-0.0018557627918198,0.015286470846716515
74,2025-02-28,SIE.DE,-0.0429528703673544,0.0027793613262474,0.0005730201373808,0.017160063648849193
75,2025-03-31,SIE.DE,-0.0480942703354911,0.0392187684774398,0.0297002419829368,0.019419325417961247
76,2025-04-30,SIE.DE,0.0513923289434577,-0.0030202819034457,0.0026323169004172,0.017027638437637424
77,2025-05-30,SIE.DE,0.0272457892459366,0.0086682708933949,0.0093933520838618,0.02194341397910482
78,2025-06-30,SIE.DE,0.0422820402992762,0.0115836067125201,0.00915237236768,0.023049179346969446
79,2025-07-31,SIE.DE,0.0507151428328654,0.0012515798443928,0.0010488620027899,0.0239431888009207
80,2025-08-29,SIE.DE,-0.044951455239358,0.0043278438970446,0.0038182337302714,0.02663645133255886
81,2025-09-30,SIE.DE,0.0697198316215378,0.006491111125797,0.0061234794557094,0.022026209326537885
82,2025-10-31,SIE.DE,-0.0820810955902271,0.0076864892616868,0.0082661705091595,0.019562395577315577
83,2025-11-28,SIE.DE,0.0464303988376135,0.0105691067874431,0.0130898235365748,0.01796893658626317
