Date,Ticker,Actual,XGBoost,XGBoost + Sentiment,Markowitz,XGBoost absolute error,Sentiment absolute error,Markowitz absolute error
2019-01-31,AIR.PA,0.13649973459658848,-0.06329922511336769,-0.0638192090075793,0.01723401171957289,0.19979895970995618,0.2003189436041678,0.11926572287701559
2019-02-28,AIR.PA,0.037852151951132305,0.014757221291212196,0.01382610632712806,0.019688799309255274,0.02309493065992011,0.024026045624004247,0.01816335264187703
2019-03-29,AIR.PA,0.04834223506479416,0.006406046133018422,0.007472751128944495,0.021482098131638757,0.04193618893177574,0.04086948393584967,0.026860136933155403
2019-04-30,AIR.PA,-0.06153591599387945,0.005295584579083458,0.006212901190369225,0.023212046395274195,0.0668315005729629,0.06774881718424867,0.08474796238915364
2019-05-31,AIR.PA,0.08218705292240328,0.019585743782455516,0.020275082332448797,0.02482932700422051,0.06260130913994776,0.06191197058995448,0.057357725918182764
2019-06-28,AIR.PA,0.043310922319460904,0.020743766548150498,0.01926965470628822,0.02651213980378595,0.022567155771310406,0.024041267613172684,0.016798782515674952
2019-07-31,AIR.PA,-0.021708629176201,0.020244776937365858,0.021444616675746746,0.027572803412031426,0.041953406113566856,0.04315324585194774,0.04928143258823242
2019-08-30,AIR.PA,-0.048986736522700955,0.017331372956539037,0.01886750037728085,0.02588644107951929,0.06631810947924,0.06785423689998181,0.07487317760222024
2019-09-30,AIR.PA,0.05503353401043642,0.019171943554319115,0.0190738944035942,0.023972442229721367,0.0358615904561173,0.03595963960684222,0.03106109178071505
2019-10-31,AIR.PA,0.03877912334199562,-0.0041315142167484475,-0.0015672469041147507,0.02262591967927569,0.042910637558744066,0.04034637024611037,0.01615320366271993
2019-11-29,AIR.PA,-0.025487245249887464,0.002752369165008295,0.003970758487509996,0.022503206262011632,0.02823961441489576,0.02945800373739746,0.047990451511899096
2019-12-31,AIR.PA,0.030809369424674195,0.007807332396767968,0.008353679093411547,0.020991309910542162,0.02300203702790623,0.02245569033126265,0.009818059514132033
2020-01-31,AIR.PA,-0.19228462803731694,0.018577671478061893,0.020494327731231245,0.02012078518918908,0.21086229951537883,0.2127789557685482,0.21240541322650602
2020-02-28,AIR.PA,-0.43635521265817523,0.012585947016414786,0.029061658881550437,0.01381190273701608,0.44894115967459003,0.46541687153972566,0.45016711539519133
2020-03-31,AIR.PA,-0.024603898390297953,0.025395308830649704,0.043605970973270326,-0.0056413972502545925,0.04999920722094765,0.06820986936356828,0.01896250114004336
2020-04-30,AIR.PA,-0.020386998814523813,0.03926039534824785,0.04076274210177467,-0.005921333116259185,0.059647394162771664,0.06114974091629848,0.014465665698264627
2020-05-29,AIR.PA,0.11728397234569109,0.03705467242064017,0.042415060155999613,-0.007244783993281024,0.08022929992505091,0.07486891218969147,0.1245287563389721
2020-06-30,AIR.PA,-0.02109570821769056,0.1504334393072796,0.14640080711395068,-0.003629961773160349,0.17152914752497014,0.16749651533164123,0.017465746444530212
2020-07-31,AIR.PA,0.1101437565251677,0.13365385618302478,0.14302621001646285,-0.0025823829199614207,0.02351009965785708,0.03288245349129515,0.11272613944512912
2020-08-31,AIR.PA,-0.09079037008210121,0.0425683724122225,0.05494668378146785,-0.0028939973248046855,0.13335874249432372,0.14573705386356905,0.08789637275729653
2020-09-30,AIR.PA,-0.009183176589300415,0.04732150776210296,0.04813750079650037,-0.008115045725686573,0.05650468435140338,0.05732067738580079,0.0010681308636138424
2020-10-30,AIR.PA,0.4016617793473829,0.030536514784208033,0.03622897891139906,-0.007846591868392172,0.37112526456317485,0.3654328004359838,0.40950837121577505
2020-11-30,AIR.PA,0.04012298927213686,0.030815912473960618,0.034259837571427136,0.0016494830118898402,0.009307076798176241,0.005863151700709723,0.038473506260247016
2020-12-31,AIR.PA,-0.07429282005918836,0.022655345923067494,0.026031426934059413,0.0006512082913937265,0.09694816598225585,0.10032424699324777,0.07494402835058209
2021-01-29,AIR.PA,0.210096169800028,-0.04190390591242386,-0.022254400289728315,-0.0039567906373415805,0.25200007571245187,0.2323505700897563,0.21405296043736957
2021-02-26,AIR.PA,0.015535258953641846,0.02789773774779871,0.04673794771416613,0.0017415506199597037,0.012362478794156865,0.031202688760524285,0.013793708333682143
2021-03-31,AIR.PA,0.035218457911018825,0.03752859102018663,0.040119432136294424,0.0002772122733771972,0.0023101331091678057,0.004900974225275599,0.03494124563764163
2021-04-30,AIR.PA,0.06724039944116163,0.020094340805168854,0.021059846807217394,0.0011620449624875468,0.04714605863599278,0.04618055263394423,0.06607835447867408
2021-05-31,AIR.PA,-0.0016876826532871594,-0.01364273309429926,-0.01880409002758505,0.0031806174697828595,0.0119550504410121,0.01711640737429789,0.0048683001230700185
2021-06-30,AIR.PA,0.06971586320034578,0.017228508236447615,0.018060853575916344,8.853584355327236e-05,0.05248735496389817,0.05165500962442944,0.06962732735679251
2021-07-30,AIR.PA,-0.0072602243193759805,0.027362743879812492,0.028254550623701715,0.0023048584414832735,0.034622968199188475,0.0355147749430777,0.009565082760859253
2021-08-31,AIR.PA,0.013828861797704622,0.0036464947506678,0.004249893462782008,0.0021813967193105056,0.010182367047036822,0.009578968334922614,0.011647465078394117
2021-09-30,AIR.PA,-0.03909642093173798,0.009056168599475545,0.009335418372174564,0.005400691060183842,0.04815258953121353,0.04843183930391254,0.04449711199192182
2021-10-29,AIR.PA,-0.09864382958476525,0.008805271577599411,0.00971216282265005,0.005043599067728355,0.10744910116236467,0.10835599240741531,0.10368742865249361
2021-11-30,AIR.PA,0.13573746628888594,0.02307628877067541,0.024487616682625144,0.005525198742695105,0.11266117751821053,0.1112498496062608,0.13021226754619084
2021-12-31,AIR.PA,-0.0021359905074982873,0.006906111669759255,0.009409356226292012,0.003913141978003839,0.009042102177257542,0.011545346733790299,0.006049132485502126
2022-01-31,AIR.PA,-0.07081709863113764,0.029226131465265183,0.030782041529669898,2.489775194484092e-05,0.10004323009640281,0.10159914016080754,0.07084199638308247
2022-02-28,AIR.PA,-0.011662309992139196,0.022066385424885208,0.024016299807555264,6.230911413762771e-05,0.033728695417024404,0.03567860979969446,0.011724619106276825
2022-03-31,AIR.PA,-0.044302162108274055,0.033015481564720985,0.03857888985984007,-0.002754234489289547,0.07731764367299504,0.08288105196811413,0.04154792761898451
2022-04-29,AIR.PA,0.06632555880642133,0.024911213223871725,0.02398274383873084,-0.001837208311478661,0.0414143455825496,0.04234281496769049,0.06816276711789998
2022-05-31,AIR.PA,-0.1523258208180852,0.03483060833088845,0.03525133315095993,-0.0033883337039108336,0.18715642914897365,0.18757715396904515,0.14893748711417437
2022-06-30,AIR.PA,0.13445109652286868,0.01694201149165528,0.018312444077357926,-0.008544857083564497,0.1175090850312134,0.11613865244551076,0.1429959536064332
2022-07-29,AIR.PA,-0.04290612858260437,0.0058229310155258635,0.010258970101605557,-0.003706566731142485,0.04872905959813023,0.053165098684209926,0.03919956185146188
2022-08-31,AIR.PA,-0.10011247859096072,0.0024019649635548517,0.005009179265308482,-0.005062768307333028,0.10251444355451557,0.1051216578562692,0.09504971028362769
2022-09-30,AIR.PA,0.23275957957928045,0.021506306177143598,0.0188115930588401,-0.010108156579189658,0.21125327340213684,0.21394798652044034,0.2428677361584701
2022-10-31,AIR.PA,-0.0036503266851598258,-0.0020035777179071325,0.003101686518166138,-0.005101090756302598,0.0016467489672526933,0.006752013203325963,0.001450764071142772
2022-11-30,AIR.PA,0.01666674674929579,0.0077511985469480744,0.007972188277937529,-0.004437835255918759,0.008915548202347717,0.008694558471358263,0.02110458200521455
2022-12-30,AIR.PA,0.04053326165282152,-0.01064780844588241,-0.008153423234955591,-0.005341733964243354,0.05118107009870393,0.04868668488777711,0.04587499561706487
2023-01-31,AIR.PA,0.0651340555791817,0.0027318969603652462,0.0031653711511868475,0.002077677557579101,0.062402158618816456,0.06196868442799485,0.0630563780216026
2023-02-28,AIR.PA,-0.025157145394666576,-0.002377667080348042,-0.003945674056208433,0.01716437067270578,0.022779478314318535,0.021211471338458143,0.04232151606737236
2023-03-31,AIR.PA,0.03134833054498396,0.01552516829827719,0.015022052081588827,0.0216284106843227,0.01582316224670677,0.016326278463395134,0.009719919860661261
2023-04-28,AIR.PA,-0.014629500141208049,0.002740367168486534,0.003009212509098663,0.021354179228127247,0.017369867309694583,0.017638712650306712,0.035983679369335296
2023-05-31,AIR.PA,0.06626415540414186,0.005389511674726118,0.007277722736836547,0.01929869152768321,0.06087464372941574,0.058986432667305314,0.046965463876458655
2023-06-30,AIR.PA,0.012239339732414077,0.000921698806048935,0.00024761370638432526,0.02201276709858029,0.011317640926365143,0.011991726026029752,0.009773427366166211
2023-07-31,AIR.PA,-0.010598596346175394,0.003930889999403017,0.004046365700030801,0.0181592755279873,0.01452948634557841,0.014644962046206196,0.02875787187416269
2023-08-31,AIR.PA,-0.06204763463731277,-0.013769081659211686,-0.011630846964360545,0.022466758364332307,0.04827855297810108,0.050416787672952226,0.08451439300164508
2023-09-29,AIR.PA,-0.006142747404331762,-0.003055982439647834,-0.00022547620617524412,0.021023024867349742,0.0030867649646839283,0.005917271198156518,0.027165772271681505
2023-10-31,AIR.PA,0.07348748134942328,0.007353964110144621,0.007079709659611751,0.010248362884001749,0.06613351723927866,0.06640777168981152,0.06323911846542153
2023-11-30,AIR.PA,0.037298231424329066,0.002851752859252604,0.0038222545346478657,0.011984940347451362,0.03444647856507646,0.0334759768896812,0.025313291076877704
2023-12-29,AIR.PA,0.07211316319098944,0.003517424716165809,0.0031878784485078414,0.01466275765227519,0.06859573847482363,0.0689252847424816,0.05745040553871425
2024-01-31,AIR.PA,0.034776703931171,-0.001070735093144719,-0.0004943005335212695,0.011518171819393973,0.03584743902431572,0.03527100446469227,0.023258532111777027
2024-02-29,AIR.PA,0.11625473512676547,-0.0011134340220159684,0.0008131941032045708,0.013324535123990325,0.11736816914878144,0.1154415410235609,0.10293020000277514
2024-03-28,AIR.PA,-0.07090744403256265,-0.00176386496511828,-0.0011733302930580956,0.01596641665828168,0.06914357906744437,0.06973411373950456,0.08687386069084432
2024-04-30,AIR.PA,0.013317954162042919,0.01866058462324499,0.022288704426064083,0.011309631434184057,0.005342630461202072,0.008970750264021164,0.0020083227278588616
2024-05-31,AIR.PA,-0.15561258473389017,-0.0015538563227339686,-0.002994802783720131,0.011416121380357592,0.1540587284111562,0.15261778195017003,0.16702870611424775
2024-06-28,AIR.PA,0.015281528792149278,0.01166342151514812,0.008713296456923834,0.0042355116611196885,0.003618107277001157,0.006568232335225443,0.011046017131029588
2024-07-31,AIR.PA,0.004286890973732298,0.0156647837581854,0.012830689001595907,0.006780583397125563,0.011377892784453104,0.008543798027863609,0.0024936924233932654
2024-08-30,AIR.PA,-0.05474720796238937,-0.00011471020618272,0.0009798957403840784,0.005964323186009699,0.05463249775620665,0.05572710370277345,0.06071153114839907
2024-09-30,AIR.PA,0.06950151462484402,0.006517559200415057,0.006950358238511786,0.005683058931718531,0.06298395542442897,0.06255115638633224,0.0638184556931255
2024-10-31,AIR.PA,0.0527968559058504,-0.001376790133050861,-0.00046172081384444376,0.011064415442199384,0.054173646038901256,0.05325857671969484,0.041732440463651016
2024-11-29,AIR.PA,0.048929169967675865,0.00944731760148364,0.011751552626024316,0.008936908239502626,0.03948185236619223,0.03717761734165155,0.03999226172817324
2024-12-31,AIR.PA,0.07455748432962322,0.0044420629071601275,0.004757597600225754,0.009706903971290072,0.0701154214224631,0.06979988672939746,0.06485058035833316
2025-01-31,AIR.PA,0.043441935478043245,0.0015483094084259002,0.0012730328105623682,0.011742979363314966,0.04189362606961734,0.04216890266748088,0.03169895611472828
2025-02-28,AIR.PA,-0.017622160104634747,0.008364584950237,0.008128024857286567,0.013323080377187818,0.025986745054871745,0.025750184961921316,0.030945240481822567
2025-03-31,AIR.PA,-0.07576172151644674,0.03158649138687492,0.03337459258015791,0.013919592888368673,0.10734821290332167,0.10913631409660465,0.08968131440481542
2025-04-30,AIR.PA,0.10479817423245279,0.00244744271631115,0.003312025677193025,0.009857003236221901,0.10235073151614164,0.10148614855525977,0.09494117099623088
2025-05-30,AIR.PA,0.09365739786792333,0.007979692651417222,0.008051055519968778,0.017000207220350092,0.08567770521650611,0.08560634234795456,0.07665719064757325
2025-06-30,AIR.PA,0.0122983653555319,0.010422435297417994,0.013069982945944043,0.016164974167254015,0.0018759300581139057,0.0007716175904121433,0.0038666088117221154
2025-07-31,AIR.PA,0.017155197116859047,0.01697306740935422,0.015916121791884983,0.01681060795111488,0.00018212970750482865,0.0012390753249740642,0.0003445891657441677
2025-08-29,AIR.PA,0.09337653426400712,0.008850133864689828,0.0107195543711769,0.020349531637558305,0.08452640039931729,0.08265697989283022,0.07302700262644882
2025-09-30,AIR.PA,0.05572441654914007,0.002011705921960073,0.002922601832126704,0.018965525946093787,0.05371271062718,0.05280181471701337,0.03675889060304628
2025-10-31,AIR.PA,-0.09756322073458017,0.009420999255087886,0.009240251791889273,0.020785544644009765,0.10698421998966805,0.10680347252646943,0.11834876537858993
2025-11-28,AIR.PA,-0.026950355149024045,0.021612707107356,0.021368430346219807,0.018167450962661223,0.048563062256380046,0.04831878549524385,0.04511780611168527
2019-01-31,CAP.PA,0.11007461349679493,-0.06595028556797543,-0.06596590886977723,0.007905366718469357,0.17602489906477037,0.17604052236657214,0.10216924677832556
2019-02-28,CAP.PA,0.02756665316929567,-0.02280865438091058,-0.01941776263627256,0.008749421378120043,0.05037530755020625,0.04698441580556823,0.01881723179117563
2019-03-29,CAP.PA,0.0,0.0029902310326951937,0.003424755382946579,0.010227172150156822,0.0029902310326951937,0.003424755382946579,0.010227172150156822
2019-04-30,CAP.PA,-0.0721553806335533,0.015263532635858086,0.015794787754878234,0.008085121615915375,0.08741891326941138,0.08795016838843153,0.08024050224946867
2019-05-31,CAP.PA,0.1346071600666645,0.01123393571237478,0.01061735724609235,0.009160243747363218,0.12337322435428973,0.12398980282057216,0.1254469163193013
2019-06-28,CAP.PA,0.03063573419513286,-0.012459490391649562,-0.002342879966024678,0.00888135379701326,0.04309522458678242,0.032978614161157535,0.021754380398119597
2019-07-31,CAP.PA,-0.06681121583015867,0.008546726341922932,0.008431475470909711,0.009681515469055114,0.07535794217208161,0.07524269130106838,0.07649273129921379
2019-08-30,CAP.PA,-0.009619888299788028,0.0093105251526506,0.007274295392556104,0.0076420144490723626,0.01893041345243863,0.016894183692344134,0.01726190274886039
2019-09-30,CAP.PA,-0.04717846475398267,0.009151820639002937,0.012593524404521033,0.008862706313628487,0.05633028539298561,0.05977198915850371,0.05604117106761116
2019-10-31,CAP.PA,0.06339786034960525,0.007195416694340524,-0.0011859906407478264,0.009455189980172259,0.05620244365526472,0.06458385099035308,0.05394267036943299
2019-11-29,CAP.PA,0.027480080199250245,0.0066251382405014035,0.006106856051311313,0.009420428140430346,0.020854941958748843,0.02137322414793893,0.0180596520588199
2019-12-31,CAP.PA,0.043618051774473074,-0.00023538168193546608,0.00022208548673208583,0.011564434152567018,0.04385343345640854,0.043395966287740985,0.032053617621906054
2020-01-31,CAP.PA,-0.14979961461695837,-0.0007169385007112542,0.002643053971425223,0.01055500349752881,0.14908267611624712,0.1524426685883836,0.16035461811448717
2020-02-28,CAP.PA,-0.21386823389751147,0.0121824347176696,0.01917118611068544,0.005739054116070562,0.22605066861518108,0.2330394200081969,0.21960728801358204
2020-03-31,CAP.PA,0.11350656618989054,-0.038577405846731035,-0.028876720700118066,-0.0038582955106571293,0.15208397203662158,0.1423832868900086,0.11736486170054766
2020-04-30,CAP.PA,0.07417778236011441,0.029198863237029547,0.02797993135762158,-0.0012580051256569082,0.04497891912308486,0.046197851002492824,0.07543578748577132
2020-05-29,CAP.PA,0.11048942425743116,0.020761779466256243,-0.012846893741543892,0.0002887709588377983,0.08972764479117493,0.12333631799897506,0.11020065329859337
2020-06-30,CAP.PA,0.0956350464596265,0.021683406166918797,0.010912746695745382,0.0032706632972886143,0.0739516402927077,0.08472229976388113,0.09236438316233789
2020-07-31,CAP.PA,0.059360798960928114,0.011046845771583965,0.009578474891538197,0.006102407259166776,0.04831395318934415,0.04978232406938991,0.05325839170176134
2020-08-31,CAP.PA,-0.044396482734487375,-0.005582887145593678,-0.003985945219474784,0.006068790515769076,0.0388135955888937,0.04041053751501259,0.05046527325025645
2020-09-30,CAP.PA,-0.10159461669242696,0.017850965823560338,0.02133128574491922,0.0031125995653222757,0.1194455825159873,0.12292590243734618,0.10470721625774923
2020-10-30,CAP.PA,0.17308863820309683,0.005498795741743462,0.013608546535733615,0.0008293652523002431,0.16758984246135336,0.1594800916673632,0.1722592729507966
2020-11-30,CAP.PA,0.10275133788747959,0.008274760004042413,0.002212618923678835,0.005865128272295941,0.09447657788343718,0.10053871896380075,0.09688620961518364
2020-12-31,CAP.PA,-0.03588329258230132,-0.007446909230013202,-0.005570646038100572,0.006221825077312435,0.02843638335228812,0.030312646544200753,0.04210511765961376
2021-01-29,CAP.PA,0.1418409236985061,0.01571997257460315,0.013315853594138666,0.005609446667487022,0.12612095112390295,0.12852507010436742,0.13623147703101907
2021-02-26,CAP.PA,0.10063848641548294,-0.021491392522543687,-0.02037321268230353,0.008786184152140082,0.12212987893802663,0.12101169909778647,0.09185230226334286
2021-03-31,CAP.PA,0.05030992929676898,0.01016257338586812,-0.0021527724648694835,0.008073739236573221,0.040147355910900864,0.05246270176163846,0.04223619006019576
2021-04-30,CAP.PA,0.0016404738686130545,0.00964177310941165,0.00227752802911262,0.00890056629486961,0.008001299240798595,0.0006370541604995654,0.007260092426256555
2021-05-31,CAP.PA,0.07498800028250487,0.01753230057302831,0.00851328468815621,0.009337888024871479,0.05745569970947656,0.06647471559434866,0.06565011225763338
2021-06-30,CAP.PA,0.12098777443700265,0.004788185038250292,-0.00630206624510174,0.010292833687794519,0.11619958939875236,0.1272898406821044,0.11069494074920813
2021-07-30,CAP.PA,0.048011008889019546,-0.012151938218868933,-0.00617481520770366,0.01475670057411085,0.06016294710788848,0.054185824096723206,0.03325430831490869
2021-08-31,CAP.PA,-0.04785686222639899,0.014877483379323646,0.008345708022519521,0.01618022167315731,0.06273434560572264,0.05620257024891851,0.0640370838995563
2021-09-30,CAP.PA,0.11740214856950182,0.019225934219798034,0.02669887378501995,0.017001555480820173,0.09817621434970378,0.09070327478448187,0.10040059308868164
2021-10-29,CAP.PA,0.002980588540368573,-0.004530350980964949,0.0017283646567572176,0.01992247720047017,0.007510939521333522,0.0012522238836113553,0.016941888660101597
2021-11-30,CAP.PA,0.05291523990696115,0.01121541662185674,0.00843568674039426,0.02601109038081817,0.04169982328510441,0.04447955316656689,0.02690414952614298
2021-12-31,CAP.PA,-0.08375865821684572,-0.004522435341036337,-0.004079775082146904,0.023633790529685696,0.07923622287580938,0.07967888313469881,0.10739244874653142
2022-01-31,CAP.PA,-0.0757154610310157,0.054489568664439214,0.05121822465735763,0.018914308244878934,0.13020502969545492,0.12693368568837332,0.09462976927589464
2022-02-28,CAP.PA,0.06903877217762307,0.006981446173643306,0.007400311785973831,0.01719862304953783,0.062057326003979764,0.06163846039164923,0.05184014912808524
2022-03-31,CAP.PA,-0.05506160905398866,0.022977395264212382,0.02299189007852013,0.01885943216514325,0.07803900431820104,0.07805349913250878,0.0739210412191319
2022-04-29,CAP.PA,-0.049464600193989954,0.03151577759788148,0.03246762376186249,0.020070781532817498,0.08098037779187144,0.08193222395585245,0.06953538172680745
2022-05-31,CAP.PA,-0.05109474110195688,0.008251346525674535,0.008764320474922505,0.014790967886039182,0.05934608762763141,0.05985906157687938,0.06588570898799606
2022-06-30,CAP.PA,0.13398601232615293,0.015912108250100844,0.02064012144328948,0.010812344423196063,0.11807390407605209,0.11334589088286345,0.12317366790295686
2022-07-29,CAP.PA,-0.058537881480866534,0.023563254490886844,0.028351033214472684,0.0166883933332693,0.08210113597175338,0.08688891469533921,0.07522627481413584
2022-08-31,CAP.PA,-0.07716770772315049,0.01798743771383699,0.014828049867279038,0.014296193341621348,0.09515514543698747,0.09199575759042952,0.09146390106477184
2022-09-30,CAP.PA,0.004531682369776024,0.01916752039519014,0.02390012794324644,0.014780935965672242,0.014635838025414117,0.019368445573470415,0.010249253595896218
2022-10-31,CAP.PA,0.039097772343829454,0.009723160483157389,0.009640071163908298,0.01299384152527633,0.029374611860672063,0.029457701179921157,0.026103930818553125
2022-11-30,CAP.PA,-0.088011718753438,0.011525651418174609,0.009509331772622122,0.013401321715404063,0.0995373701716126,0.09752105052606011,0.10141304046884206
2022-12-30,CAP.PA,0.10836814847770385,0.024643804147498206,0.024947256644219137,0.009555034665369395,0.08372434433020565,0.08342089183348471,0.09881311381233446
2023-01-31,CAP.PA,0.025589477683552492,-0.0013339962000815696,-0.0002925057141892295,0.016860692040959104,0.02692347388363406,0.025881983397741722,0.008728785642593388
2023-02-28,CAP.PA,-0.06859712094249269,0.008677776951781749,0.010937419575328823,0.02431921991865201,0.07727489789427444,0.07953454051782152,0.0929163408611447
2023-03-31,CAP.PA,-0.03748152307904906,0.01497019070211081,0.015352958924859661,0.0204752702973041,0.05245171378115987,0.05283448200390872,0.05795679337635316
2023-04-28,CAP.PA,-0.04487568358461898,0.00555922673957736,0.006872549999400733,0.01809643169782364,0.050434910324196336,0.05174823358401971,0.06297211528244262
2023-05-31,CAP.PA,0.04269031044837192,0.018844586735296515,0.012706676123945146,0.014731946468853549,0.023845723713075404,0.029983634324426772,0.02795836397951837
2023-06-30,CAP.PA,-0.05012968992378273,0.00021983756324551348,0.0003562192570280195,0.013640708384280708,0.05034952748702824,0.05048590918081075,0.06377039830806344
2023-07-31,CAP.PA,0.024264626476774884,0.032331298882138614,0.026885653381276083,0.010891083708763313,0.008066672405363729,0.002621026904501198,0.013373542768011571
2023-08-31,CAP.PA,-0.038004117244152716,-0.015973016542326586,-0.01570857702468359,0.013660427384566439,0.02203110070182613,0.022295540219469126,0.05166454462871915
2023-09-29,CAP.PA,-0.02472863918252046,0.0062633943473810625,0.005495224151711079,0.01643017979982745,0.030992033529901524,0.030223863334231542,0.04115881898234791
2023-10-31,CAP.PA,0.13243242631792898,-0.0006896458013477064,0.0003534035104646387,0.010518444986998937,0.13312207211927668,0.13207902280746434,0.12191398133093004
2023-11-30,CAP.PA,0.007712874804492731,-0.005780410973291415,-0.004665988085843098,0.01200363113653101,0.013493285777784147,0.012378862890335829,0.0042907563320382786
2023-12-29,CAP.PA,0.10463575733717008,-0.0039117707321825864,-0.003908784991384341,0.014104213257990777,0.10854752806935267,0.10854454232855443,0.09053154407917931
2024-01-31,CAP.PA,0.08445946212980728,0.0011806431138980979,-0.0030990050218227846,0.012995486848648975,0.08327881901590918,0.08755846715163006,0.0714639752811583
2024-02-29,CAP.PA,-0.05073429723595252,-0.0017830824246788618,-0.003550482850247434,0.01356703722290165,0.04895121481127366,0.04718381438570508,0.06430133445885416
2024-03-28,CAP.PA,-0.03656819013330456,0.020883978718303386,0.014400710413717216,0.010814534820443002,0.05745216885160795,0.05096890054702178,0.04738272495374757
2024-04-30,CAP.PA,0.043670832284046356,0.019622625484966884,0.019790138758938113,0.008391485962180825,0.024048206799079472,0.023880693525108243,0.03527934632186553
2024-05-31,CAP.PA,0.022090484171915368,-0.07367268305724008,-0.07901521629796564,0.005195370694852656,0.09576316722915544,0.101105700469881,0.016895113477062712
2024-06-28,CAP.PA,0.0005385593576227358,0.006071452687341391,0.00715181641446785,0.002654397588174467,0.005532893329718656,0.0066132570568451145,0.0021158382305517314
2024-07-31,CAP.PA,0.013071859862416827,0.003041669912211762,0.0030840648797817866,0.00030664618678988184,0.010030189950205066,0.00998779498263504,0.012765213675626946
2024-08-30,CAP.PA,0.03439994837116072,0.0077592137227267995,0.007046755110882565,0.0023794151615222536,0.02664073464843392,0.027353193260278155,0.03202053320963846
2024-09-30,CAP.PA,-0.09229177244970928,0.015812921469938457,0.015245578921963612,0.0006485640850262759,0.10810469391964773,0.10753735137167289,0.09294033653473556
2024-10-31,CAP.PA,-0.04585441439763729,0.007484579182736322,0.012664979086428975,-0.005482060852195037,0.05333899358037361,0.05851939348406626,0.04037235354544225
2024-11-29,CAP.PA,0.04114561262356867,0.01606751826285563,0.017440420499769137,-0.008199498728201696,0.025078094360713038,0.02370519212379953,0.04934511135177036
2024-12-31,CAP.PA,0.10875748305484585,0.007895445795282459,0.005867521094520851,-0.004233545930745758,0.10086203725956339,0.102889961960325,0.11299102898559162
2025-01-31,CAP.PA,-0.15771524604276904,-0.007802288610491456,-0.00792423434745686,-0.0004800231324426288,0.1499129574322776,0.14979101169531217,0.1572352229103264
2025-02-28,CAP.PA,-0.07442163147386925,0.027922986003270162,0.026154224542388402,-0.0059240287658597806,0.10234461747713941,0.10057585601625765,0.06849760270800948
2025-03-31,CAP.PA,0.013038717804559593,0.049540062930709186,0.04631001337434556,-0.0069276639186108616,0.036501345126149595,0.03327129556978597,0.019966381723170452
2025-04-30,CAP.PA,0.07973656792879755,-0.0015982971027214369,-0.03584444496365549,-0.00625022111233452,0.08133486503151899,0.11558101289245304,0.08598678904113206
2025-05-30,CAP.PA,-0.00820508932640562,-0.016007426675497764,-0.01725608793267466,-0.004247397876040608,0.0078023373490921435,0.00905099860626904,0.003957691450365012
2025-06-30,CAP.PA,-0.0761806615422434,0.008912927880961726,0.006228587576671251,-0.002658317898806918,0.08509358942320512,0.08240924911891465,0.07352234364343649
2025-07-31,CAP.PA,-0.07219247830307482,0.034990890359381945,0.0362180505906253,-0.006910651161519326,0.10718336866245676,0.10841052889370012,0.06528182714155549
2025-08-29,CAP.PA,-0.0012350055305190033,0.01913694037509387,0.01678639764826608,-0.005115205740537116,0.020371945905612875,0.018021403178785086,0.003880200210018113
2025-09-30,CAP.PA,0.07324971061445339,0.0043079559577102996,0.004597023914416937,-0.007823379709041664,0.06894175465674308,0.06865268670003645,0.08107309032349505
2025-10-31,CAP.PA,0.02097376244632152,-0.0030089927630120965,-0.0010937459610910912,-0.006313746115521866,0.023982755209333618,0.022067508407412614,0.027287508561843386
2025-11-28,CAP.PA,0.06157268036166133,0.005144453104106097,0.005170208262786502,-0.002442499850361631,0.05642822725755523,0.05640247209887483,0.06401518021202296
2019-01-31,EXSA.DE,0.04410522061553479,-0.0004657605594125824,-0.0029752028749311433,0.00466726199156332,0.04457098117494737,0.047080423490465935,0.03943795862397147
2019-02-28,EXSA.DE,0.02259117891670321,-0.0005714568994096281,-0.001746284215762272,0.0054447466134377644,0.023162635816112838,0.024337463132465483,0.017146432303265444
2019-03-29,EXSA.DE,0.03826171057756554,0.005366756013877616,0.006199717561728828,0.004848359285985668,0.03289495456368793,0.03206199301583671,0.03341335129157987
2019-04-30,EXSA.DE,-0.04506905686407568,0.0010668663394015393,0.0035781569935711085,0.005572307049603688,0.046135923203477223,0.04864721385764679,0.05064136391367937
2019-05-31,EXSA.DE,0.05371728710051138,0.008213840457104722,0.007582009215124097,0.0074388461615349285,0.04550344664340666,0.04613527788538728,0.04627844093897645
2019-06-28,EXSA.DE,0.016586045498345497,0.0017659361752528596,0.003024619153063524,0.0059509301114087435,0.014820109323092637,0.013561426345281973,0.010635115386936754
2019-07-31,EXSA.DE,-0.02008100007596888,0.0058775503875285505,0.006553766169194862,0.005800258734680709,0.02595855046349743,0.02663476624516374,0.025881258810649586
2019-08-30,EXSA.DE,0.03512080751421928,0.007846568255175055,0.007748077432219894,0.005573565902788394,0.02727423925904423,0.027372730081999388,0.029547241611430887
2019-09-30,EXSA.DE,0.015339176795876337,0.0029999871318186267,0.002310243430684759,0.006259959040213085,0.01233918966405771,0.013028933365191578,0.009079217755663251
2019-10-31,EXSA.DE,0.028043214823720183,0.005345108042916612,0.004516961398908097,0.006563593132861447,0.02269810678080357,0.023526253424812085,0.021479621690858736
2019-11-29,EXSA.DE,0.0287271616957391,0.004942522301301756,0.003706746419388366,0.0058753099393409405,0.023784639394437344,0.025020415276350735,0.02285185175639816
2019-12-31,EXSA.DE,-0.007991371638927575,-0.00023380811602152418,0.0007972020114821564,0.006128299471559379,0.00775756352290605,0.00878857365040973,0.014119671110486953
2020-01-31,EXSA.DE,-0.08318987449306631,0.00907976428880605,0.008303041138424786,0.005443655190918219,0.09226963878187236,0.09149291563149109,0.08863352968398452
2020-02-28,EXSA.DE,-0.15870709835062957,0.010663390089036162,0.012771312707630794,0.0025474376547993836,0.16937048843966573,0.17147841105826037,0.16125453600542897
2020-03-31,EXSA.DE,0.06338661383999739,-0.022305987865655606,-0.015365866766140589,-0.0029425190999493233,0.08569260170565299,0.07875248060613797,0.0663291329399467
2020-04-30,EXSA.DE,0.03395634150368579,0.024528011460812436,0.03060727470120109,-0.0017228962364416703,0.009428330042873353,0.003349066802484698,0.03567923774012746
2020-05-29,EXSA.DE,0.028934254186120518,0.007792598929553519,0.001369891524585526,-0.0006880790126683855,0.021141655256567,0.027564362661534992,0.029622333198788903
2020-06-30,EXSA.DE,0.022612387016048615,0.013756447596201815,0.014419960502083624,0.0005287593915291642,0.0088559394198468,0.008192426513964991,0.02208362762451945
2020-07-31,EXSA.DE,0.03131628144302231,0.004192050361996594,0.002646240047872225,0.0010431536693900965,0.027124231081025713,0.028670041395150083,0.03027312777363221
2020-08-31,EXSA.DE,-0.013818297866942745,0.004583060591250987,0.00502772322542102,0.000963405091638544,0.018401358458193733,0.018846021092363767,0.01478170295858129
2020-09-30,EXSA.DE,-0.05037176184996726,0.006762619684824776,0.007205436245702614,3.57039100865946e-05,0.057134381534792035,0.05757719809566987,0.05040746576005385
2020-10-30,EXSA.DE,0.1376660814374504,-5.3396543521965216e-05,-0.0008812589795285275,-0.0009697702448282587,0.13771947798097237,0.13854734041697894,0.13863585168227865
2020-11-30,EXSA.DE,0.03483822957347387,0.009263769070191608,0.008183956228309685,0.0022089780836710158,0.025574460503282263,0.026654273345164188,0.032629251489802856
2020-12-31,EXSA.DE,-0.0032734795535740743,0.0008533157632919711,0.0017037952546060176,0.0024591143934818717,0.0041267953168660455,0.004977274808180092,0.005732593947055946
2021-01-29,EXSA.DE,0.04482608726651399,-0.0006181036497178568,8.176282699895848e-05,0.0031733046984371337,0.04544419091623185,0.04474432443951503,0.041652782568076856
2021-02-26,EXSA.DE,0.058994084484184896,0.007075444026368122,0.008011927171250828,0.0052820075997037814,0.05191864045781677,0.05098215731293407,0.05371207688448111
2021-03-31,EXSA.DE,0.020899505003548962,0.0052336092522278594,0.00501096793946435,0.005274076665934778,0.0156658957513211,0.015888537064084614,0.015625428337614183
2021-04-30,EXSA.DE,0.0295571218983547,0.006379106473990495,0.00605913526237124,0.005275733836877603,0.023178015424364203,0.02349798663598346,0.024281388061477095
2021-05-31,EXSA.DE,0.02273255886693023,-0.000179583101455452,0.0017218101295185338,0.006895118505814669,0.02291214196838568,0.021010748737411697,0.01583744036111556
2021-06-30,EXSA.DE,0.02143474598629136,0.0018508226462886335,0.0035226236670586014,0.006342723088089175,0.019583923340002727,0.017912122319232757,0.015092022898202185
2021-07-30,EXSA.DE,0.02794125850520142,0.005270724989590485,0.004910706480192333,0.0070574461014016095,0.022670533515610936,0.023030552025009088,0.020883812403799808
2021-08-31,EXSA.DE,-0.03388183345936782,0.006717089850514107,0.00679711581219253,0.007751900277636275,0.04059892330988193,0.04067894927156035,0.041633733737004096
2021-09-30,EXSA.DE,0.04597458614420659,0.0038809797170779392,0.0040890441624152705,0.009249338223846026,0.04209360642712865,0.04188554198179132,0.03672524792036056
2021-10-29,EXSA.DE,-0.015606891948582625,0.00175014011498577,0.001169995375957337,0.010026149490050663,0.017357032063568395,0.01677688732453996,0.025633041438633288
2021-11-30,EXSA.DE,0.05569181470898949,0.004031284664897127,0.004557222710132476,0.011518928752477361,0.051660530044092365,0.05113459199885702,0.04417288595651213
2021-12-31,EXSA.DE,-0.04014499002298319,0.0029023012817873555,0.0032145715122922675,0.010842395718000808,0.043047291304770544,0.04335956153527546,0.050987385740984
2022-01-31,EXSA.DE,-0.05917854361329053,0.007187352066760913,0.006977356329072947,0.008553687970182515,0.06636589568005144,0.06615589994236348,0.06773223158347305
2022-02-28,EXSA.DE,0.02464018058316255,0.00521917460622893,0.005798019979855106,0.007130320294206585,0.019421005976933622,0.018842160603307446,0.017509860288955965
2022-03-31,EXSA.DE,-0.02543376890948427,0.0011671735509086857,0.0012735230768575016,0.006222555417635937,0.02660094246039296,0.026707291986341773,0.031656324327120205
2022-04-29,EXSA.DE,-0.0003343733284934752,0.005771724652335068,0.004087578813530735,0.007282428362133903,0.006106097980828543,0.00442195214202421,0.0076168016906273785
2022-05-31,EXSA.DE,-0.06632948006239722,0.001510402108115805,0.0014058584101051444,0.005914592344949703,0.06783988217051302,0.06773533847250236,0.07224407240734693
2022-06-30,EXSA.DE,0.07905467825929488,0.008115463494290638,0.011285879314104817,0.0035171926534100727,0.07093921476500424,0.06776879894519006,0.0755374856058848
2022-07-29,EXSA.DE,-0.03645954020456271,-0.004651041859408759,-0.004763283938025989,0.0065027130829343124,0.03180849834515395,0.03169625626653672,0.042962253287497025
2022-08-31,EXSA.DE,-0.07596836139391569,0.008068224819223912,0.009537923955918591,0.0035158242301702725,0.0840365862131396,0.08550628534983429,0.07948418562408596
2022-09-30,EXSA.DE,0.06347964806445458,0.00819230347927261,0.009061158720363314,0.0012253159080190272,0.055287344585181974,0.05441848934409127,0.062254332156435555
2022-10-31,EXSA.DE,0.06214692306267156,-0.003986685452278105,-0.003769473558298979,0.002164673516776482,0.06613360851494966,0.06591639662097054,0.05998224954589508
2022-11-30,EXSA.DE,-0.0290105895972807,-0.005406952184733213,-0.005425099833248325,0.003391037009726357,0.023603637412547486,0.023585489764032377,0.03240162660700706
2022-12-30,EXSA.DE,0.06609724326073473,-0.0005463511900423096,-0.0005560943190802575,0.0025270110339733485,0.06664359445077704,0.06665333757981498,0.06357023222676138
2023-01-31,EXSA.DE,0.011491822510420273,-0.0011570211380487166,-0.0009545612252337474,0.007162087067360507,0.012648843648468988,0.01244638373565402,0.0043297354430597654
2023-02-28,EXSA.DE,-0.02038303081789037,-0.003623109050144332,-0.003496355547105805,0.012844026566469156,0.016759921767746037,0.016886675270784565,0.03322705738435953
2023-03-31,EXSA.DE,0.014462252785823134,-0.01287772301037591,-0.008334274751587248,0.010253304993090146,0.027339975796199047,0.022796527537410384,0.004208947792732988
2023-04-28,EXSA.DE,-0.006774163740778011,0.0014464885262262229,-0.00016102638581089052,0.010072245176384173,0.008220652267004233,0.00661313735496712,0.016846408917162183
2023-05-31,EXSA.DE,0.013395291660119591,-5.9460671965965953e-05,-0.0003875170497212057,0.008501807330467927,0.013454752332085557,0.013782808709840796,0.004893484329651664
2023-06-30,EXSA.DE,0.021575628519100574,-0.001711107144926622,-0.0020970736510842816,0.008553952985815565,0.023286735664027197,0.023672702170184856,0.01302167553328501
2023-07-31,EXSA.DE,-0.021866634190724637,-0.0010078734718435424,-0.0016025852556670402,0.008815437193531244,0.020858760718881094,0.020264048935057597,0.030682071384255882
2023-08-31,EXSA.DE,-0.016978951463008915,0.004035999801746405,0.0039992676713403045,0.00882069955969296,0.02101495126475532,0.02097821913434922,0.025799651022701875
2023-09-29,EXSA.DE,-0.04104802897876534,0.00783607395418141,0.008193276234274736,0.009850126446533512,0.048884102932946746,0.04924130521304008,0.05089815542529885
2023-10-31,EXSA.DE,0.061072157197870014,0.004511053548607966,0.003474861669749088,0.004897132726419263,0.05656110364926205,0.05759729552812093,0.05617502447145075
2023-11-30,EXSA.DE,0.037948277239956994,0.003296320284926325,0.003943004186225308,0.006031443162136747,0.03465195695503067,0.03400527305373169,0.03191683407782025
2023-12-29,EXSA.DE,0.014896805826014811,0.005738023762785162,0.004914454750768623,0.006999155907011684,0.009158782063229648,0.009982351075246188,0.007897649919003127
2024-01-31,EXSA.DE,0.018219661276865615,0.005807916032349281,0.004564682479861519,0.0067542423421920374,0.012411745244516334,0.013654978797004096,0.011465418934673578
2024-02-29,EXSA.DE,0.0421773053239384,-0.005999064122743736,-0.005698956936737002,0.005953702833594549,0.04817636944668214,0.0478762622606754,0.036223602490343856
2024-03-28,EXSA.DE,-0.003934816622485338,-0.00648868350194554,-0.008255100275691646,0.006425480188183551,0.002553866879460202,0.004320283653206308,0.01036029681066889
2024-04-30,EXSA.DE,0.02461777069782582,2.559615693249684e-05,-0.00044678264016102863,0.005383606449081837,0.02459217454089332,0.025064553337986847,0.019234164248743982
2024-05-31,EXSA.DE,-0.009099208457585422,-0.000604322624934853,-0.0012591075204718741,0.00602224879924096,0.008494885832650569,0.007840100937113547,0.015121457256826381
2024-06-28,EXSA.DE,0.0007862882094341736,0.009480118018548906,0.00870387770088031,0.005204217719093207,0.008693829809114734,0.007917589491446136,0.004417929509659034
2024-07-31,EXSA.DE,0.015906829475855932,-0.0032073922222198626,-0.0024169529501872258,0.004805585289971579,0.019114221698075796,0.018323782426043156,0.011101244185884353
2024-08-30,EXSA.DE,-0.0038529395725304524,0.0015420750627675925,0.002062404950238898,0.0063328028695808685,0.005395014635298045,0.00591534452276935,0.010185742442111321
2024-09-30,EXSA.DE,-0.009669412572680527,0.008378151463582485,0.008048239061790259,0.004991028004873329,0.018047564036263012,0.017717651634470786,0.014660440577553856
2024-10-31,EXSA.DE,0.010391702318922388,0.01217914292514033,0.011886727038244718,0.0047738493109554855,0.0017874406062179417,0.0014950247193223302,0.005617853007966902
2024-11-29,EXSA.DE,-0.008084573092997566,0.0023145714929556985,0.002080796778808934,0.0035505020596783864,0.010399144585953264,0.010165369871806499,0.011635075152675952
2024-12-31,EXSA.DE,0.06774755473693217,0.00826676326440344,0.009622247923534442,0.004278109070696738,0.05948079147252873,0.058125306813397726,0.06346944566623543
2025-01-31,EXSA.DE,0.04605880413528576,0.0048161704541603715,0.0039275315442842285,0.007245737990976784,0.041242633681125386,0.04213127259100153,0.038813066144308975
2025-02-28,EXSA.DE,-0.03954306633303127,0.00505001958000108,0.005069770385864562,0.008025688889241682,0.04459308591303235,0.044612836718895835,0.047568755222272954
2025-03-31,EXSA.DE,-0.0049111025339132605,0.010007143778210433,0.00975067255595508,0.0073928212538986625,0.014918246312123695,0.01466177508986834,0.012303923787811923
2025-04-30,EXSA.DE,0.047836030286732376,0.027661584489603864,0.028613914856179336,0.007372578532516954,0.02017444579712851,0.01922211543055304,0.040463451754215424
2025-05-30,EXSA.DE,-0.014275102465435263,0.005496685936239508,0.005825577325331937,0.010240924989569179,0.019771788401674772,0.020100679790767198,0.02451602745500444
2025-06-30,EXSA.DE,0.01872456968666687,0.007385762527321332,0.0077537429360061624,0.009061893177112432,0.011338807159345536,0.010970826750660707,0.009662676509554437
2025-07-31,EXSA.DE,0.009167591011610217,0.0025440826431573802,0.0024420794209524402,0.009315767621121117,0.006623508368452837,0.006725511590657777,0.00014817660951089995
2025-08-29,EXSA.DE,0.010029193592841979,-0.00348494977853315,-0.0025960943878138667,0.012097050247427318,0.01351414337137513,0.012625287980655845,0.002067856654585339
2025-09-30,EXSA.DE,0.03238061309626065,-0.00039045100021492686,-0.0007744924958951553,0.011005251035566644,0.03277106409647557,0.0331551055921558,0.021375362060694004
2025-10-31,EXSA.DE,0.004932167154062892,0.005253823347659937,0.005343025244401898,0.009839129555206518,0.00032165619359704467,0.0004108580903390063,0.004906962401143626
2025-11-28,EXSA.DE,0.027234671376730593,0.0035271053334135927,0.0033992559081830937,0.010611898754594354,0.023707566043317002,0.023835415468547498,0.01662277262213624
2019-01-31,MBG.DE,0.03135890436105978,-0.08336140071427747,-0.08349507139953617,-0.00021363319015282035,0.11472030507533726,0.11485397576059594,0.0315725375512126
2019-02-28,MBG.DE,-0.007785743269875427,-0.015185137378730212,-0.021766504810227814,-0.0010685191998981564,0.007399394108854785,0.013980761540352387,0.0067172240699772704
2019-03-29,MBG.DE,0.11655507049623637,0.002148626811966693,0.005758889162748786,-0.0018137295206777672,0.11440644368426968,0.11079618133348758,0.11836880001691413
2019-04-30,MBG.DE,-0.12301964789822209,0.0010223747531012532,0.00286232671882282,0.0025237688843476698,0.12404202265132334,0.12588197461704492,0.12554341678256975
2019-05-31,MBG.DE,0.051146819015345873,0.008947259484709804,0.010847183746459162,0.0017076308782594705,0.04219955953063607,0.04029963526888671,0.0494391881370864
2019-06-28,MBG.DE,-0.009300009358018916,0.004417193086974623,0.004041107229301862,-7.235496419972712e-05,0.01371720244499354,0.013341116587320779,0.009227654393819189
2019-07-31,MBG.DE,-0.10470210091308037,0.008777008299423593,0.01086319374342053,-0.001807479080255799,0.11347910921250395,0.1155652946565009,0.10289462183282456
2019-08-30,MBG.DE,0.06825917492448377,-0.021558096110069952,-0.013319611841500772,-0.0047183711127589895,0.08981727103455373,0.08157878676598454,0.07297754603724277
2019-09-30,MBG.DE,0.1716351827019131,0.003565399734992266,0.006621202653775584,-0.004201576922839503,0.16806978296692085,0.16501398004813753,0.17583675962475262
2019-10-31,MBG.DE,-0.023087256151435538,0.00975136657404753,0.009318794310899966,-0.0002876092783139582,0.03283862272548307,0.0324060504623355,0.02279964687312158
2019-11-29,MBG.DE,-0.03574208791977793,0.016232465622312075,0.015395128829294847,-0.0034872194162198205,0.051974553542090005,0.05113721674907278,0.03225486850355811
2019-12-31,MBG.DE,-0.1332793692016771,0.0025618689320460655,0.0014767611112727927,-0.004727009730172631,0.13584123813372317,0.1347561303129499,0.12855235947150448
2020-01-31,MBG.DE,-0.11182879212495242,0.029315227922529646,0.03374493080796333,-0.008207737844402131,0.14114402004748205,0.14557372293291576,0.1036210542805503
2020-02-28,MBG.DE,-0.2753063855304202,0.03148675796802384,0.03592097644465413,-0.011854303103354799,0.30679314349844405,0.31122736197507433,0.2634520824270654
2020-03-31,MBG.DE,0.14589396246706007,-0.0740766328910007,-0.058778912517123014,-0.020991690120307552,0.21997059535806077,0.20467287498418307,0.16688565258736762
2020-04-30,MBG.DE,0.05850622146531464,0.02735154356847548,0.04283619186359031,-0.01609171616055,0.031154677896839157,0.015670029601724325,0.07459793762586464
2020-05-29,MBG.DE,0.07579393040694325,0.02730063947203412,0.028925569067729123,-0.014532307645949127,0.04849329093490913,0.046868361339214126,0.09032623805289237
2020-06-30,MBG.DE,0.13682495269486664,0.06526192678091243,0.07404653958214615,-0.010270539256752777,0.0715630259139542,0.06277841311272049,0.14709549195161942
2020-07-31,MBG.DE,0.14024056488403694,0.02408660630330622,0.025885463109040326,-0.009103243850967693,0.11615395858073072,0.11435510177499661,0.14934380873500464
2020-08-31,MBG.DE,0.0714034506813601,0.014195840912345504,0.014860319086349211,-0.007561883742173891,0.057207609769014595,0.05654313159501089,0.078965334423534
2020-09-30,MBG.DE,-0.0393178795014456,0.006205968483425616,0.004608215670451101,-0.0067478719433948595,0.04552384798487122,0.043926095171896704,0.03257000755805074
2020-10-30,MBG.DE,0.2713966417917647,-0.017714745237343312,0.013772521609492714,-0.007721453837064158,0.289111387029108,0.257624120182272,0.2791180956288289
2020-11-30,MBG.DE,0.023737697942913274,0.03562578915466126,0.03170410224809305,-0.0016116760391185938,0.011888091211747987,0.007966404305179777,0.025349373982031867
2020-12-31,MBG.DE,0.010382584245074204,0.020730354982976058,0.03347139966752538,-0.0023464782748885697,0.010347770737901853,0.023088815422451177,0.012729062519962774
2021-01-29,MBG.DE,0.14607716885181268,0.0023245770288456828,0.018465578703406708,-0.00040641119785434616,0.143752591822967,0.12761159014840598,0.14648358004966702
2021-02-26,MBG.DE,0.11260387676928582,0.02454497094882642,0.032843489199072276,0.005167738931804064,0.0880589058204594,0.07976038757021355,0.10743613783748175
2021-03-31,MBG.DE,-0.004529204912794725,0.028471959044875733,0.04263828441335694,0.0071419068135680506,0.03300116395767046,0.04716748932615166,0.011671111726362775
2021-04-30,MBG.DE,0.028629372775665875,0.05785680633105056,0.06822872243097926,0.0076268793345112326,0.029227433555384683,0.03959934965531338,0.021002493441154645
2021-05-31,MBG.DE,0.0014441559987914104,0.04579950165251542,0.05641070548398257,0.012447529649422391,0.04435534565372401,0.054966549485191155,0.011003373650630982
2021-06-30,MBG.DE,0.01128815777728318,0.044059881099447126,0.041836007625739594,0.010230751474759672,0.032771723322163944,0.03054784984845641,0.0010574063025235083
2021-07-30,MBG.DE,-0.04888417951220347,0.020559250361908848,0.018325600053178258,0.011875527603449943,0.06944342987411231,0.06720977956538172,0.060759707115653414
2021-08-31,MBG.DE,0.08372996856661456,0.005120343316350589,0.008690278622799391,0.011045008765772897,0.07860962525026398,0.07503968994381517,0.07268495980084166
2021-09-30,MBG.DE,0.11757035541140377,0.0075002206506673864,0.00713275958962653,0.014893378779993133,0.11007013476073639,0.11043759582177724,0.10267697663141064
2021-10-29,MBG.DE,-0.03428960522674576,0.013344389376387733,0.01445399010267587,0.017719897010328046,0.047633994603133493,0.04874359532942163,0.052009502237073804
2021-11-30,MBG.DE,-0.011661467798334827,-0.034719680081727954,-0.023651847512645437,0.020691613547866045,0.023058212283393126,0.01199037971431061,0.03235308134620087
2021-12-31,MBG.DE,0.03462057700026096,0.031782400986841756,0.03145870169614148,0.01629736792074474,0.002838176013419201,0.003161875304119474,0.018323209079516217
2022-01-31,MBG.DE,-0.049907031548953915,0.021872000883870087,0.027677916308136534,0.016777103327147474,0.071779032432824,0.07758494785709044,0.06668413487610139
2022-02-28,MBG.DE,-0.04731360908540881,0.007486267642642599,-0.004534789014839495,0.01772917851100995,0.05479987672805141,0.042778820070569316,0.06504278759641877
2022-03-31,MBG.DE,0.05359124621166404,0.027033643816705026,0.029483790918674938,0.011312074139644464,0.026557602394959016,0.024107455292989105,0.042279172072019575
2022-04-29,MBG.DE,0.06714976701039482,-0.005632970158855407,-0.0020096377565235854,0.01642491024739693,0.07278273716925023,0.06915940476691841,0.05072485676299789
2022-05-31,MBG.DE,-0.12990940373547236,0.004626645570177006,0.004514613223052588,0.017234845656391537,0.13453604930564936,0.13442401695852493,0.14714424939186388
2022-06-30,MBG.DE,0.03621865063382527,0.03174596345883335,0.030788494606580095,0.013109087631805343,0.00447268717499192,0.005430156027245173,0.023109563002019926
2022-07-29,MBG.DE,-0.018175387863347315,0.0037670365276334192,0.005634841188296507,0.0176274188314951,0.021942424390980736,0.023810229051643823,0.03580280669484241
2022-08-31,MBG.DE,-0.06575180396477509,0.011928244069029873,0.010924741296784933,0.01454708473452643,0.07768004803380496,0.07667654526156002,0.08029888869930152
2022-09-30,MBG.DE,0.11938866761847254,0.03616880702285754,0.04378089094977167,0.008327578247360473,0.08321986059561501,0.07560777666870087,0.11106108937111207
2022-10-31,MBG.DE,0.06723559307471837,-0.012007792328364094,-0.010232015868072647,0.012101438765188289,0.07924338540308246,0.07746760894279102,0.05513415430953008
2022-11-30,MBG.DE,-0.046583951035819096,0.013648492535637826,0.014528058195707343,0.016200582485934596,0.06023244357145692,0.06111200923152644,0.0627845335217537
2022-12-30,MBG.DE,0.1029316397030137,0.000752939280454493,0.0022701893217056614,0.018484916698227584,0.10217870042255921,0.10066145038130803,0.08444672300478612
2023-01-31,MBG.DE,0.07600887306390454,0.0012112124574859405,0.0020807013529307167,0.025573779103674713,0.0747976606064186,0.07392817171097382,0.050435093960229826
2023-02-28,MBG.DE,-0.03152109178442957,0.006325880682818288,0.005665065706816663,0.03663317645376028,0.03784697246724786,0.037186157491246236,0.06815426823818985
2023-03-31,MBG.DE,-0.017236505137917225,0.01656865325413108,0.01588937460736815,0.03163607761417803,0.033805158392048305,0.03312587974528537,0.04887258275209526
2023-04-28,MBG.DE,0.08881299054262998,0.003424566845142676,0.004714685799935082,0.028126711648128574,0.0853884236974873,0.08409830474269489,0.0606862788945014
2023-05-31,MBG.DE,0.04600828619288116,-0.0013899911546216258,-0.0017271085821904575,0.029706825927240457,0.047398277347502786,0.04773539477507162,0.0163014602656407
2023-06-30,MBG.DE,-0.013981247781466423,-4.375844154873834e-05,-0.00023651548876171336,0.02741055480374313,0.013937489339917685,0.01374473229270471,0.04139180258520955
2023-07-31,MBG.DE,-0.06621696573516397,0.008116162021765225,0.008044520410229026,0.024872879284859366,0.0743331277569292,0.074261486145393,0.09108984502002335
2023-08-31,MBG.DE,-0.02443008123042019,0.0012733597712960229,0.00027239615182240567,0.021080055621831902,0.02570344100171621,0.024702477382242596,0.045510136852252095
2023-09-29,MBG.DE,-0.15647281080060005,0.0027653248145726983,0.0034147676006732746,0.021290070100106244,0.15923813561517275,0.15988757840127332,0.1777628809007063
2023-10-31,MBG.DE,0.06963750792108736,-0.03098609283114743,-0.028594548503509374,0.00947353907474463,0.10062360075223478,0.09823205642459673,0.06016396884634273
2023-11-30,MBG.DE,0.06294062611503269,0.010765592810469956,0.011306577256026535,0.01091069264348927,0.05217503330456273,0.05163404885900616,0.05202993347154342
2023-12-29,MBG.DE,-0.004636383567307109,0.021109108386598865,0.01978767130212857,0.012375134205483466,0.025745491953905974,0.024424054869435677,0.017011517772790575
2024-01-31,MBG.DE,0.17167857058355396,0.0070608741363188225,0.008125756495829963,0.008425562509396625,0.16461769644723515,0.16355281408772399,0.16325300807415732
2024-02-29,MBG.DE,0.002308442065876462,-0.001540869365504701,-0.00031708667819217837,0.0091919396941747,0.003849311431381163,0.0026255287440686403,0.006883497628298239
2024-03-28,MBG.DE,0.01327737042571089,0.0028924854217775827,0.002455467990653242,0.008937211900236849,0.010384885003933308,0.010821902435057647,0.004340158525474041
2024-04-30,MBG.DE,-0.00517612570825953,0.013876758211040566,0.015766185807418474,0.007284287003399033,0.019052883919300097,0.020942311515678005,0.012460412711658563
2024-05-31,MBG.DE,-0.02409630907920974,0.0013383172719919488,0.002050824167255323,0.008027560770726304,0.025434626351201688,0.026147133246465063,0.032123869849936044
2024-06-28,MBG.DE,-0.04135051648730229,0.0011680615548854848,0.0007244841827480521,0.00771001007702566,0.042518578042187775,0.04207500067005034,0.04906052656432795
2024-07-31,MBG.DE,0.019947615867780634,0.010598341202823085,0.011946735688751233,0.0071370060983252815,0.009349274664957549,0.0080008801790294,0.012810609769455352
2024-08-30,MBG.DE,-0.06897653648886892,0.005672957049098303,0.006175009441378915,0.005493865440240526,0.07464949353796722,0.07515154593024784,0.07447040192910945
2024-09-30,MBG.DE,-0.01878015327873702,0.03465045080353032,0.03484019201570845,0.0012709281751525144,0.05343060408226734,0.05362034529444547,0.020051081453889535
2024-10-31,MBG.DE,-0.04919217951856491,0.02197075897585927,0.019347315449907525,0.0004101102049080422,0.07116293849442418,0.06853949496847243,0.04960228972347295
2024-11-29,MBG.DE,0.01586106375533175,-0.005269197291166289,0.0011381096003583704,-0.0006651271546986746,0.02113026104649804,0.01472295415497338,0.016526190910030426
2024-12-31,MBG.DE,0.10278819993367698,0.01262709098251292,0.011948634724944262,-0.001391306207554712,0.09016110895116405,0.09083956520873272,0.1041795061412317
2025-01-31,MBG.DE,0.03071969411227248,0.0007129149593514369,0.002240743788640791,0.0015193385472242703,0.03000677915292104,0.028478950323631687,0.029200355565048207
2025-02-28,MBG.DE,-0.09335788853014287,0.01104984292304824,0.011166116282212656,0.004521943649548302,0.10440773145319111,0.10452400481235553,0.09787983217969118
2025-03-31,MBG.DE,-0.03174020172614603,0.059748692437222084,0.06180045043422424,0.0018039878304405073,0.09148889416336811,0.09354065216037027,0.033544189556586536
2025-04-30,MBG.DE,0.09295595208606854,0.025780166719129378,0.028890564366567787,-0.0018111595649774178,0.06717578536693916,0.06406538771950075,0.09476711165104595
2025-05-30,MBG.DE,-0.05514357206518797,0.00671142126775694,0.006282428630587177,0.003224104680294646,0.061854993332944905,0.06142600069577515,0.05836767674548261
2025-06-30,MBG.DE,0.07083924371732861,0.011602549717024034,0.01210177191578997,0.004085663850012677,0.059236694000304575,0.05873747180153864,0.06675357986731593
2025-07-31,MBG.DE,0.06487025582141422,0.013743869917552358,0.016866909151535533,0.003942191515534845,0.05112638590386186,0.04800334666987868,0.06092806430587937
2025-08-29,MBG.DE,0.010121842276152121,0.003331080522113156,0.002784667195740262,0.005813596049011621,0.006790761754038965,0.007337175080411859,0.0043082462271405
2025-09-30,MBG.DE,0.066766422809269,0.010100220874908082,0.010398209731495021,0.00382822439227304,0.05666620193436092,0.05636821307777398,0.06293819841699597
2025-10-31,MBG.DE,0.050880623664698345,0.014171158402435383,0.012959022695608613,0.004031633195188788,0.03670946526226296,0.03792160096908973,0.046848990469509556
2025-11-28,MBG.DE,0.032840427769934316,0.0017619549787480956,0.0024310488004166404,0.004815805906035072,0.03107847279118622,0.030409378969517675,0.028024621863899243
2019-01-31,VOW3.DE,0.037410831158468584,-0.0008844879320022147,-0.0007994345670327952,0.01115503239765245,0.0382953190904708,0.03821026572550138,0.026255798760816136
2019-02-28,VOW3.DE,-0.07011254554741728,-0.0006612348110510184,7.167677564995375e-05,0.008690115712804891,0.06945131073636626,0.07018422232306723,0.07880266126022217
2019-03-29,VOW3.DE,0.1049031169848217,0.015549422209055572,0.0156237641866324,0.004278975045640585,0.08935369477576613,0.0892793527981893,0.10062414193918112
2019-04-30,VOW3.DE,-0.04469603956555055,0.011531851112145098,0.00927700271485847,0.005071418575900239,0.05622789067769565,0.05397304228040902,0.04976745814145079
2019-05-31,VOW3.DE,0.07526873841604263,0.008276802394284744,0.009135945827246226,0.00960022968084183,0.06699193602175789,0.06613279258879641,0.0656685087352008
2019-06-28,VOW3.DE,0.033598528803923694,-0.0017596736109372724,-0.0007735358373293142,0.007455879168304547,0.03535820241486096,0.03437206464125301,0.026142649635619148
2019-07-31,VOW3.DE,-0.03749833739708795,0.011729560351848455,0.011409763418981228,0.008265648265870717,0.049227897748936406,0.04890810081606918,0.04576398566295867
2019-08-30,VOW3.DE,0.06817240212332339,0.003154016558242217,0.005766812152132367,0.00834730781776809,0.06501838556508117,0.06240558997119102,0.0598250943055553
2019-09-30,VOW3.DE,0.11047037036352808,0.002807723511996493,0.005181227132053371,0.007727434665016142,0.10766264685153158,0.10528914323147472,0.10274293569851194
2019-10-31,VOW3.DE,0.02800240842300101,0.018825024958072943,0.01952951219925289,0.01064154142420647,0.009177383464928066,0.008472896223748118,0.01736086699879454
2019-11-29,VOW3.DE,0.004331062679354678,0.02073803039217366,0.019034714966917197,0.00881636647083136,0.016406967712818982,0.01470365228756252,0.004485303791476683
2019-12-31,VOW3.DE,-0.06945099918542327,0.009448760688364876,0.007490800085408594,0.005988956141529577,0.07889975987378815,0.07694179927083186,0.07543995532695286
2020-01-31,VOW3.DE,-0.07845794927277394,0.049810064384599895,0.05162942042319283,0.006089968689354959,0.12826801365737384,0.13008736969596676,0.0845479179621289
2020-02-28,VOW3.DE,-0.2931753624141978,0.01944526748133997,0.019918069091916863,0.004635616207053471,0.31262062989553774,0.31309343150611463,0.2978109786212513
2020-03-31,VOW3.DE,0.20011252499201038,-0.004234357050667865,0.009544207368551914,-0.006395505899076004,0.20434688204267823,0.19056831762345847,0.20650803089108638
2020-04-30,VOW3.DE,0.033379958840367756,0.030414806884522277,0.04153999620669859,-0.00047863895276732346,0.0029651519558454784,0.008160037366330836,0.03385859779313508
2020-05-29,VOW3.DE,0.015698235921568184,0.03262941705259866,0.037511839832841426,0.001178891510719255,0.016931181131030478,0.021813603911273242,0.01451934441084893
2020-06-30,VOW3.DE,0.020008953942550894,0.052627497336400215,0.05364802714982652,0.0012141194421617133,0.03261854339384932,0.033639073207275626,0.01879483450038918
2020-07-31,VOW3.DE,0.11471994560224541,-0.06314414666267507,-0.05339050160665661,0.0010252606154200433,0.17786409226492048,0.168110447208902,0.11369468498682536
2020-08-31,VOW3.DE,-0.004305974851639717,0.022570766727003325,0.02246887488651519,0.0012149341550557007,0.026876741578643042,0.02677484973815491,0.005520909006695418
2020-09-30,VOW3.DE,-0.04225121196193477,0.01439913932182402,0.01670488314477496,-3.809160297580582e-05,0.056650351283758796,0.05895609510670973,0.042213120358958967
2020-10-30,VOW3.DE,0.1298160535302929,-0.09057729131789369,-0.0735814936213782,-0.005850288183193556,0.2203933448481866,0.2033975471516711,0.13566634171348646
2020-11-30,VOW3.DE,0.07839261633259711,-0.012306561510430712,-0.006846110186681197,-0.0021862086579145733,0.09069917784302783,0.08523872651927832,0.0805788249905117
2020-12-31,VOW3.DE,0.025587289581347775,0.03521082409373435,0.03347384825832876,-0.002382879287122379,0.009623534512386574,0.007886558676980987,0.027970168868470154
2021-01-29,VOW3.DE,0.12388132992542304,0.01536172108807447,0.015849727246667212,0.0009832678076610436,0.10851960883734857,0.10803160267875583,0.122898062117762
2021-02-26,VOW3.DE,0.32788115072873625,-0.0007769048441311788,0.001507267326616586,0.005671058328538507,0.3286580555728674,0.32637388340211965,0.32221009240019777
2021-03-31,VOW3.DE,-0.09178539360392954,0.10759734710962193,0.07917495597870934,0.011595524832204733,0.19938274071355147,0.1709603495826389,0.10338091843613427
2021-04-30,VOW3.DE,0.053991718136157045,0.04402167207616499,0.05176988057207107,0.00917323499624179,0.009970046059992056,0.0022218375640859767,0.04481848313991525
2021-05-31,VOW3.DE,-0.05363416749722932,0.02174460004616562,0.021245372271596622,0.014742306455299566,0.07537876754339494,0.07487953976882594,0.06837647395252888
2021-06-30,VOW3.DE,0.003712600168020965,0.09636320490426976,0.09519438717043029,0.011175013143316797,0.0926506047362488,0.09148178700240932,0.007462412975295832
2021-07-30,VOW3.DE,-0.021897906262466973,0.030172867582441056,0.03246920072213196,0.013032771081796195,0.05207077384490803,0.054367106984598935,0.03493067734426317
2021-08-31,VOW3.DE,-0.026130365574746156,-0.000674759342864841,-0.0008183991604504343,0.010562376057305879,0.025455606231881315,0.02531196641429572,0.03669274163205204
2021-09-30,VOW3.DE,0.0009294569171180655,0.009175075513346578,0.009405308225296416,0.012286413668174739,0.008245618596228512,0.00847585130817835,0.011356956751056673
2021-10-29,VOW3.DE,-0.15117115130282469,0.03722509403218125,0.03549285077666618,0.00897136347775571,0.18839624533500593,0.18666400207949085,0.1601425147805804
2021-11-30,VOW3.DE,0.09612756713094776,0.01028738780886063,0.011221431710335926,0.007109246864744779,0.08584017932208714,0.08490613542061184,0.08901832026620299
2021-12-31,VOW3.DE,0.0329051820465025,0.05751823342497366,0.05995652482314541,0.007760281331147092,0.02461305137847116,0.02705134277664291,0.025144900715355408
2022-01-31,VOW3.DE,-0.10277117173182551,0.016907223170845597,0.019163082068543984,0.008013487811768626,0.11967839490267111,0.1219342538003695,0.11078465954359414
2022-02-28,VOW3.DE,-0.10424622413378203,0.06535874450878558,0.06723202999954826,0.009601412056260973,0.1696049686425676,0.1714782541333303,0.113847636190043
2022-03-31,VOW3.DE,-0.062293013286156336,0.033961475958197485,0.03166454291830382,0.002928788761926201,0.09625448924435381,0.09395755620446015,0.06522180204808253
2022-04-29,VOW3.DE,0.08997527313290109,0.03395086428531672,0.029313471723928886,0.002734449216690803,0.05602440884758437,0.060661801408972205,0.08724082391621028
2022-05-31,VOW3.DE,-0.130721317804517,-0.014946554470040556,-0.014119119242366066,0.004321232476207342,0.11577476333447645,0.11660219856215094,0.13504255028072434
2022-06-30,VOW3.DE,0.07753890320686378,0.052278340055870044,0.048978791114022084,-0.001723830816476193,0.025260563150993738,0.028560112092841698,0.07926273402333997
2022-07-29,VOW3.DE,0.03860167587459853,0.007048623849229546,0.020676815048126622,0.0018941010919622289,0.03155305202536898,0.017924860826471906,0.036707574782636296
2022-08-31,VOW3.DE,-0.09624306806181535,0.006085127491913835,0.0059872294714303645,0.0005318207141641933,0.10232819555372918,0.10223029753324571,0.09677488877597953
2022-09-30,VOW3.DE,0.023259454842081424,0.053534686840614104,0.05339505839060814,-0.005826382900673621,0.03027523199853268,0.030135603548526714,0.029085837742755045
2022-10-31,VOW3.DE,0.06571827482444424,5.7844881147196315e-05,-0.0008288915226160201,-0.0055246918341993944,0.06566042994329704,0.06654716634706026,0.07124296665864363
2022-11-30,VOW3.DE,-0.03282334904608215,0.016713406996150877,0.016573157916481698,-0.003282113368561784,0.049536756042233024,0.04939650696256384,0.029541235677520362
2022-12-30,VOW3.DE,0.08452158814593463,0.006627333382088058,0.006905646543688104,-0.0031950354356403447,0.07789425476384658,0.07761594160224652,0.08771662358157498
2023-01-31,VOW3.DE,0.012289238059303731,0.0001482719716975508,4.146532702121821e-05,0.0029351022559101253,0.01214096608760618,0.012247772732282513,0.009354135803393606
2023-02-28,VOW3.DE,-0.05078973528220615,0.0022301557147015143,0.002797652914814624,0.01302908090917538,0.05301989099690767,0.053587388197020774,0.06381881619138152
2023-03-31,VOW3.DE,-0.01910219613991568,0.0009102067701965256,0.0016949972583185661,0.006761398536203365,0.020012402910112206,0.020797193398234246,0.025863594676119046
2023-04-28,VOW3.DE,0.04440771533875067,0.00308286350594493,0.0034055240085589505,0.003843936654105543,0.04132485183280574,0.041002191330191715,0.04056377868464513
2023-05-31,VOW3.DE,0.050094316999560205,-0.0009155685520782946,0.0009040772450892883,0.005319507347113523,0.0510098855516385,0.04919023975447092,0.04477480965244668
2023-06-30,VOW3.DE,-0.019359117927061385,-0.003971724387118772,-0.003300298954027327,0.006175397237502628,0.015387393539942612,0.01605881897303406,0.025534515164564012
2023-07-31,VOW3.DE,-0.0567351821682804,0.004687187896696311,-0.0007735068141739228,0.005130452938490441,0.06142237006497671,0.055961675354106476,0.06186563510677084
2023-08-31,VOW3.DE,-0.03627035511736002,0.003958619188040009,0.0022694799099483155,0.0036097164375834237,0.04022897430540003,0.03853983502730834,0.03988007155494345
2023-09-29,VOW3.DE,-0.08995784887024223,0.00844597737632715,0.008262500115361835,0.004367735772927636,0.09840382624656938,0.09822034898560407,0.09432558464316987
2023-10-31,VOW3.DE,0.07061985387175211,0.02302292114246251,0.013525930383279375,-0.002248185346257174,0.0475969327292896,0.05709392348847274,0.07286803921800929
2023-11-30,VOW3.DE,0.06070276784810996,0.013244336943681807,0.012421828198656261,-0.0016842050538238998,0.04745843090442815,0.0482809396494537,0.06238697290193386
2023-12-29,VOW3.DE,0.04329156844927197,0.02145479747947505,0.019710833619981487,-0.001554788665939553,0.021836770969796918,0.023580734829290483,0.044846357115211524
2024-01-31,VOW3.DE,0.04589458988548383,0.00800046468056921,0.007897633850904194,-0.0023511067130324954,0.03789412520491462,0.037996956034579636,0.048245696598516324
2024-02-29,VOW3.DE,-0.019945780900486904,-0.00587415187385881,-0.00579441894499968,-0.009766828586148791,0.014071629026628094,0.014151361955487224,0.010178952314338113
2024-03-28,VOW3.DE,-0.017013913700973674,0.02546340836355566,0.026486870585013034,-0.00835929803239023,0.04247732206452934,0.04350078428598671,0.008654615668583443
2024-04-30,VOW3.DE,0.04906628846539599,-0.004608029013274746,-0.0007232169114288697,-0.010401053896863582,0.05367431747867074,0.04978950537682486,0.059467342362259576
2024-05-31,VOW3.DE,-0.07782605514331195,-0.005382227425937276,-0.0055048503400788725,-0.00640572869972405,0.07244382771737468,0.07232120480323308,0.0714203264435879
2024-06-28,VOW3.DE,-0.010436391329407366,0.014291592860311623,0.013375023037074133,-0.00848181257458574,0.02472798418971899,0.0238114143664815,0.0019545787548216256
2024-07-31,VOW3.DE,-0.06841078023713403,0.008947626890022231,0.008613838418940253,-0.008674980216200428,0.07735840712715626,0.07702461865607428,0.059735800020933594
2024-08-30,VOW3.DE,-0.010605076810390116,0.010552988951028065,0.006657871799612021,-0.009926041978271592,0.021158065761418182,0.017262948610002136,0.0006790348321185236
2024-09-30,VOW3.DE,-0.0655738885522025,0.017796158865874573,0.01612872403205525,-0.010041924809139237,0.08337004741807708,0.08170261258425776,0.05553196374306327
2024-10-31,VOW3.DE,-0.09242185427363102,0.010732314795016962,0.016073224387179088,-0.0067702811124276535,0.10315416906864798,0.10849507866081011,0.08565157316120336
2024-11-29,VOW3.DE,0.10307228143962756,0.0013515932954237103,0.0017155156966598515,-0.011964465840053897,0.10172068814420385,0.1013567657429677,0.11503674727968145
2024-12-31,VOW3.DE,0.09860732000950499,0.004139893186828886,0.0024498801205216627,-0.010639756192702101,0.0944674268226761,0.09615743988898333,0.1092470762022071
2025-01-31,VOW3.DE,0.07968363923925945,-0.0022090682429732546,0.002802975852101821,-0.00657707862400101,0.08189270748223271,0.07688066338715763,0.08626071786326045
2025-02-28,VOW3.DE,-0.10124879356398575,0.019335435463781185,0.02181621229124692,-0.000662066944936695,0.12058422902776694,0.12306500585523267,0.10058672661904905
2025-03-31,VOW3.DE,0.02009417708355156,0.03810043864831747,0.03319582782589475,-0.0024580495609351698,0.01800626156476591,0.013101650742343193,0.02255222664448673
2025-04-30,VOW3.DE,0.07015748322067718,0.011460381243322772,0.011484752854513246,-0.004463958113477827,0.05869710197735441,0.05867273036616393,0.074621441334155
2025-05-30,VOW3.DE,-0.06019297994073711,0.005318899458303116,0.005228373585521107,-0.0003374422749092033,0.06551187939904023,0.06542135352625822,0.05985553766582791
2025-06-30,VOW3.DE,0.06583347121344735,0.011751268061411985,0.012264483182889334,-0.0003160733254997148,0.054082203152035366,0.05356898803055801,0.06614954453894706
2025-07-31,VOW3.DE,0.08098130533975631,-0.0021757481852496905,-0.004078560953815634,-0.0017052451460525652,0.083157053525006,0.08505986629357194,0.08268655048580888
2025-08-29,VOW3.DE,-0.07852982994422335,0.0008550465900755517,0.0010739788882001083,0.0009981595345826821,0.0793848765342989,0.07960380883242346,0.07952798947880603
2025-09-30,VOW3.DE,0.00043497472942852363,0.026896435460707115,0.02970812612341674,0.00026815154104769206,0.026461460731278592,0.029273151393988218,0.00016682318838083158
2025-10-31,VOW3.DE,0.10330301892337584,0.010255368430926929,0.007841909374643878,-0.0011382089397048525,0.09304765049244891,0.09546110954873196,0.1044412278630807
2025-11-28,VOW3.DE,0.0525513843524998,0.000216285481241976,0.0005237872160578894,0.0013872529237716265,0.052335098871257826,0.05202759713644191,0.05116413142872817
